age,clerical_worker,construction_Worker,education,earns_1974,good_health,labour_force,awake_time,free_time,smsa_area,male,marital_status,protestant,relax_time,self_employed,sleep,total_sleep_week,south,spouse_income,spouse_works,totwrk_hr,labour_union,young_kid,years_married,hourly_wage,nap_per_week_hour,total_work_time
32,No,No,12,0,No,Yes,3529,57.98333333,No,Yes,Yes,Yes,52.71666667,No,51.88333333,52.71666667,No,0,No,57.3,No,No,13,0.1178334,0.833333333,57.3
31,No,No,14,9500,Yes,Yes,2140,35.66666667,No,Yes,No,Yes,48.66666667,Yes,48.66666667,48.66666667,Yes,0,No,83.66666667,No,No,0,0.023833317,0,83.66666667
44,No,No,17,42500,Yes,Yes,4595,70.45,Yes,Yes,Yes,No,50.63333333,Yes,44.5,46,No,20000,Yes,46.91666667,No,No,0,0.342166667,1.5,46.91666667
30,No,No,12,42500,Yes,Yes,3211,53.51666667,No,No,Yes,Yes,51.38333333,Yes,51.38333333,51.38333333,No,5000,Yes,63.1,No,No,12,0.1603333,0,63.1
64,No,No,14,2500,Yes,Yes,4052,66.78333333,No,Yes,Yes,Yes,58.21666667,No,57.46666667,58.21666667,No,2400,Yes,43,No,No,33,0.045833333,0.75,43
41,No,No,12,0,Yes,Yes,4812,79.95,No,Yes,Yes,Yes,67.96666667,No,67.71666667,67.96666667,No,0,No,20.08333333,No,No,23,0.320833333,0.25,20.08333333
35,No,No,12,8250,Yes,Yes,4787,69.28333333,No,Yes,Yes,Yes,63.5,No,53,63.5,No,12000,Yes,35.21666667,No,Yes,0,0.024,10.5,35.21666667
47,No,No,13,0,Yes,Yes,3544,57.31666667,Yes,Yes,Yes,Yes,50.55,Yes,48.8,50.05,No,0,No,60.13333333,No,No,24,0.250166833,1.25,60.13333333
32,No,No,17,18750,Yes,Yes,4359,68.68333333,No,Yes,Yes,No,60.1,No,56.13333333,56.13333333,No,0,No,39.21666667,Yes,No,11,0.072166633,0,39.21666667
30,No,No,15,11750,Yes,Yes,4211,67.68333333,Yes,Yes,Yes,No,52.8,Yes,50.3,52.8,No,6000,Yes,47.51666667,No,No,7,0.049333317,2.5,47.51666667
43,No,No,8,21250,Yes,Yes,2090,27.95,No,Yes,Yes,Yes,33.13333333,No,26.25,33.13333333,No,0,No,106.9166667,No,No,23,0.040000017,6.883333333,106.9166667
23,No,No,16,1000,Yes,Yes,6415,103.8333333,Yes,No,Yes,No,58,No,54.91666667,55.91666667,No,3000,Yes,6.166666667,No,No,4,0.0205,1,6.166666667
24,No,No,16,1000,Yes,Yes,3844,63.23333333,Yes,Yes,Yes,No,64.13333333,No,63.3,63.3,No,3000,Yes,40.63333333,No,No,4,0.0205,0,40.63333333
48,No,No,5,18750,Yes,Yes,4379,72.98333333,No,Yes,Yes,Yes,50.13333333,No,50.13333333,50.13333333,No,6000,Yes,44.88333333,No,No,0,0.093500033,0,44.88333333
33,No,No,12,6750,Yes,Yes,4306,66.46666667,Yes,Yes,Yes,Yes,59.43333333,No,54.13333333,54.13333333,No,9000,Yes,42.1,No,No,9,0.052166667,0,42.1
23,No,No,12,4500,No,Yes,3447,57.45,No,Yes,Yes,Yes,61.38333333,Yes,61.38333333,61.38333333,No,5000,Yes,49.16666667,No,No,4,0.038499983,0,49.16666667
46,No,No,17,32500,Yes,Yes,3876,64.6,Yes,Yes,Yes,No,53.35,No,53.35,53.35,No,3000,Yes,50.05,No,No,21,0.16500005,0,50.05
37,No,No,14,13750,Yes,Yes,3489,58.15,No,Yes,Yes,Yes,43,Yes,43,43,No,1000,Yes,66.85,No,Yes,17,0.066,0,66.85
53,No,No,12,0,Yes,Yes,4360,70.08333333,Yes,Yes,Yes,Yes,59.58333333,No,57,58.75,No,0,No,38.33333333,No,No,26,0.054999983,1.75,38.33333333
45,No,No,17,42500,Yes,Yes,5447,89.53333333,Yes,Yes,Yes,No,52.75,No,51.5,51.5,No,0,No,25.71666667,No,No,22,0.2475,0,25.71666667
46,No,No,17,42500,Yes,Yes,3847,64.11666667,Yes,Yes,No,No,46,Yes,46,46,No,0,No,57.88333333,No,No,0,0.591833167,0,57.88333333
40,No,No,13,18750,Yes,Yes,3924,62.9,Yes,Yes,Yes,No,50.5,Yes,48,50.5,No,8300,Yes,54.6,No,No,0,0.088833317,2.5,54.6
53,No,No,12,11750,Yes,Yes,4104,66.9,No,Yes,Yes,Yes,59.33333333,No,57.83333333,59.33333333,No,5200,Yes,41.76666667,No,No,31,0.0545,1.5,41.76666667
29,No,No,13,16250,Yes,Yes,4756,79.26666667,Yes,Yes,No,No,44.55,No,44.55,44.55,No,0,No,44.18333333,Yes,No,0,0.084333367,0,44.18333333
29,No,No,12,6750,Yes,Yes,2680,44.16666667,Yes,Yes,Yes,No,47.5,No,47,47.5,No,8400,Yes,76.33333333,No,No,4,0.041500017,0.5,76.33333333
53,No,No,12,13750,Yes,Yes,3619,54.15,No,Yes,Yes,Yes,54.05,No,47.88333333,54.05,No,12000,Yes,59.8,Yes,No,0,0.08866665,6.166666667,59.8
28,No,No,13,0,Yes,Yes,4757,79.28333333,Yes,Yes,Yes,No,31.75,Yes,31.75,31.75,No,0,No,56.96666667,No,No,4,0.044833333,0,56.96666667
35,Yes,Yes,12,6750,Yes,Yes,4904,80.48333333,Yes,No,No,Yes,50.01666667,No,48.76666667,50.01666667,No,0,No,37.5,No,No,0,0.044833333,1.25,37.5
36,No,No,12,0,Yes,Yes,4839,80.4,No,Yes,Yes,No,43.63333333,No,43.38333333,43.38333333,No,400,Yes,43.96666667,No,Yes,6,0.049333317,0,43.96666667
59,No,No,12,9500,No,Yes,3669,60.25,No,Yes,Yes,Yes,54.86666667,Yes,53.96666667,54.86666667,No,0,No,52.88333333,No,No,0,0.057666683,0.9,52.88333333
26,No,No,12,4500,Yes,Yes,2746,45.01666667,Yes,Yes,Yes,Yes,65.55,No,64.8,65.55,No,4000,Yes,57.43333333,No,No,2,0.057666683,0.75,57.43333333
24,No,No,16,0,Yes,Yes,3776,59.38333333,No,Yes,Yes,No,48.81666667,Yes,45.26666667,45.26666667,No,1300,Yes,59.8,No,No,1,0.0705,0,59.8
28,No,No,16,13750,Yes,Yes,3874,63.65,No,Yes,No,Yes,55,No,54.08333333,54.58333333,No,0,No,49.35,No,No,0,0.08016665,0.5,49.35
39,No,No,16,42500,Yes,Yes,4144,69.06666667,No,Yes,Yes,Yes,52.63333333,No,52.63333333,52.63333333,No,4000,Yes,46.3,No,No,0,0.410499833,0,46.3
33,No,No,17,42500,Yes,Yes,3895,62.41666667,Yes,Yes,Yes,Yes,54.25,Yes,51.75,52.75,No,15000,Yes,51.33333333,No,No,5,0.320833333,1,51.33333333
28,No,No,17,16250,Yes,Yes,3009,47.65,Yes,Yes,No,Yes,61.08333333,No,58.58333333,61.08333333,No,0,No,59.26666667,Yes,No,0,0.06416665,2.5,59.26666667
33,No,No,12,18750,Yes,Yes,3962,66.03333333,No,Yes,Yes,No,55.5,No,55.5,55.5,No,0,No,46.46666667,No,No,11,0.128333283,0,46.46666667
47,No,No,12,3500,Yes,Yes,4827,64.2,Yes,Yes,Yes,Yes,85.46666667,No,69.21666667,85.46666667,No,1500,Yes,18.33333333,Yes,No,22,0.0898333,16.25,18.33333333
31,No,No,16,0,Yes,Yes,4009,66.81666667,No,Yes,Yes,No,49.25,No,49.25,49.25,No,0,No,51.93333333,No,Yes,7,0.077000017,0,51.93333333
26,Yes,Yes,12,16250,No,Yes,5374,78.93333333,Yes,Yes,No,Yes,47.3,No,36.66666667,47.3,No,0,No,41.76666667,No,No,0,0.06416665,10.63333333,41.76666667
31,No,No,15,32500,Yes,Yes,4432,70.73333333,Yes,Yes,Yes,Yes,51.21666667,No,48.08333333,51.21666667,No,0,No,46.05,No,No,13,0.0898333,3.133333333,46.05
38,No,No,16,0,Yes,Yes,3687,57.1,No,Yes,Yes,Yes,60.1,No,55.75,58.25,No,4600,Yes,50.8,No,No,15,0.128333283,2.5,50.8
44,No,No,17,6750,Yes,Yes,4804,76.51666667,No,No,No,No,49.63333333,Yes,46.08333333,49.63333333,No,0,No,41.85,No,No,0,0.035999983,3.55,41.85
49,No,No,12,0,No,Yes,2884,44.51666667,No,Yes,Yes,Yes,69.01666667,Yes,65.46666667,65.88333333,Yes,0,No,54.46666667,No,No,30,0.10133335,0.416666667,54.46666667
56,No,No,11,13750,Yes,Yes,4005,57.2,No,Yes,Yes,Yes,56.76666667,No,47.21666667,56.76666667,No,12000,Yes,54.03333333,Yes,No,35,0.096166667,9.55,54.03333333
41,No,No,12,1000,Yes,Yes,3780,63,No,Yes,Yes,Yes,62.5,No,62.5,62.5,No,0,No,42.5,No,No,19,0.096166667,0,42.5
36,No,No,12,16250,Yes,Yes,3564,59.4,No,Yes,Yes,Yes,55.46666667,No,55.46666667,55.46666667,Yes,6000,Yes,53.13333333,Yes,No,15,0.096166667,0,53.13333333
36,No,No,9,18750,Yes,Yes,4730,77.03333333,No,Yes,Yes,Yes,65.05,No,63.25,64.13333333,Yes,0,No,25.91666667,Yes,No,18,0.123666667,0.883333333,25.91666667
37,No,No,12,0,Yes,Yes,3974,63.73333333,No,Yes,Yes,Yes,58.55,No,56.05,58.55,Yes,0,No,45.71666667,No,No,17,0.072166633,2.5,45.71666667
23,No,No,9,2500,No,Yes,2757,45.95,No,Yes,Yes,Yes,38,No,38,38,No,900,Yes,84.05,No,No,0,0.075666667,0,84.05
29,No,No,10,6750,Yes,Yes,2359,37.01666667,No,Yes,Yes,No,71.48333333,No,69.18333333,69.6,No,0,No,59.5,No,No,5,0.054999983,0.416666667,59.5
29,No,No,17,6750,Yes,Yes,3931,65.51666667,Yes,Yes,No,No,54.43333333,No,54.43333333,54.43333333,No,0,No,48.05,No,No,0,0.078999983,0,48.05
26,No,No,16,6750,Yes,Yes,4112,68.53333333,No,Yes,Yes,Yes,59.5,No,59.5,59.5,No,8066,Yes,39.96666667,Yes,No,2,0.0565,0,39.96666667
29,No,No,16,0,Yes,Yes,4532,75.28333333,Yes,Yes,Yes,Yes,48.33333333,No,48.08333333,48.08333333,No,0,No,44.38333333,No,Yes,10,0.122499967,0,44.38333333
25,No,No,17,11750,Yes,Yes,4838,80.63333333,Yes,Yes,No,No,47.98333333,No,47.98333333,47.98333333,No,0,No,39.38333333,No,No,0,0.052500033,0,39.38333333
24,No,No,14,1000,Yes,Yes,5490,91.5,No,No,No,No,46.5,Yes,46.5,46.5,No,0,No,30,Yes,No,0,0.0175,0,30
23,No,No,16,11750,Yes,Yes,4581,76.35,No,Yes,Yes,Yes,46.65,No,46.65,46.65,Yes,15000,Yes,45,No,No,0,0.140000033,0,45
28,No,No,12,16250,Yes,Yes,3876,63.96666667,No,Yes,Yes,Yes,53.51666667,No,52.88333333,53.51666667,Yes,12000,Yes,50.51666667,No,No,5,0.091000017,0.633333333,50.51666667
29,No,No,17,13750,Yes,Yes,4334,72.23333333,No,Yes,Yes,Yes,55.13333333,No,55.13333333,55.13333333,No,0,No,40.63333333,No,Yes,7,0.091000017,0,40.63333333
39,No,No,12,42500,Yes,Yes,4155,69.25,No,Yes,Yes,Yes,55.08333333,Yes,55.08333333,55.08333333,No,18000,Yes,43.66666667,No,No,19,0.140000033,0,43.66666667
31,No,No,12,9500,Yes,Yes,4407,62.21666667,Yes,No,No,No,60.81666667,No,49.58333333,60.76666667,No,0,No,44.96666667,No,No,0,0.04666665,11.18333333,44.96666667
50,No,No,8,2500,Yes,Yes,3794,59.61666667,No,Yes,Yes,Yes,58.88333333,No,55.26666667,57.76666667,No,1575,Yes,49.5,No,No,28,0.071333333,2.5,49.5
36,No,No,10,8250,Yes,Yes,4424,72.98333333,No,Yes,Yes,Yes,54.51666667,No,53.76666667,53.76666667,No,7500,Yes,40.5,No,No,15,0.05083335,0,40.5
28,No,No,12,1000,Yes,Yes,4195,69.91666667,No,No,Yes,Yes,60.58333333,No,60.58333333,60.58333333,Yes,0,No,37.5,No,No,5,0.040666667,0,37.5
50,No,No,11,2500,Yes,Yes,3959,58.48333333,No,Yes,Yes,Yes,61.38333333,No,53.88333333,61.38333333,Yes,2200,Yes,48.13333333,No,No,26,0.086333317,7.5,48.13333333
50,No,No,12,0,Yes,Yes,5387,87.28333333,No,Yes,Yes,Yes,58.3,No,55.8,55.8,No,0,No,22.41666667,No,No,28,0.1331667,0,22.41666667
50,No,No,13,13750,Yes,Yes,4525,75.41666667,Yes,No,No,Yes,43.83333333,Yes,43.83333333,43.83333333,Yes,0,No,48.75,No,No,0,0.09999995,0,48.75
55,Yes,Yes,12,8250,Yes,Yes,3246,53.1,Yes,No,No,No,48.63333333,No,47.63333333,47.63333333,No,0,No,66.26666667,No,No,0,0.053833333,0,66.26666667
34,No,No,16,8250,Yes,Yes,4672,76.73333333,Yes,No,Yes,Yes,54.51666667,No,53.38333333,54.51666667,No,13500,Yes,36.75,No,No,12,0.053833333,1.133333333,36.75
44,No,No,12,16250,Yes,Yes,5421,88.68333333,No,Yes,No,Yes,59.18333333,No,57.51666667,59.18333333,No,0,No,20.13333333,Yes,No,0,0.09999995,1.666666667,20.13333333
30,No,No,16,13750,Yes,Yes,4167,69.45,Yes,Yes,Yes,Yes,50.13333333,No,50.13333333,50.13333333,No,0,No,48.41666667,Yes,Yes,4,0.096166667,0,48.41666667
23,No,No,9,6750,Yes,Yes,3434,56.1,No,Yes,Yes,Yes,48.15,No,47.01666667,47.51666667,Yes,0,No,63.75,No,No,2,0.04616665,0.5,63.75
32,No,No,16,13750,Yes,Yes,4207,66.9,Yes,Yes,Yes,Yes,61.96666667,No,58.75,61.33333333,No,600,Yes,39.13333333,No,Yes,7,0.092333383,2.583333333,39.13333333
40,No,No,15,0,Yes,Yes,5105,84.08333333,No,Yes,Yes,Yes,53.5,No,52.5,53.5,Yes,0,No,30.41666667,No,No,18,0.13850005,1,30.41666667
34,No,No,10,8250,Yes,Yes,4404,73.4,No,No,Yes,Yes,51.88333333,No,51.88333333,51.88333333,No,8500,Yes,42.71666667,No,No,15,0.04616665,0,42.71666667
23,No,No,16,11750,Yes,Yes,4688,78.13333333,No,No,Yes,Yes,46.93333333,No,46.93333333,46.93333333,Yes,12000,Yes,42.93333333,No,No,0,0.092333383,0,42.93333333
24,No,No,12,0,Yes,Yes,4700,78.33333333,No,Yes,Yes,Yes,51.75,No,51.75,51.75,No,0,No,37.91666667,No,Yes,4,0.092333383,0,37.91666667
39,No,No,12,4500,Yes,Yes,2880,47.5,No,Yes,Yes,Yes,60.58333333,Yes,60.08333333,60.08333333,Yes,0,No,59.91666667,No,No,18,0.092333383,0,59.91666667
39,No,No,17,18750,Yes,Yes,3894,64.9,No,Yes,No,Yes,60.18333333,No,60.18333333,60.18333333,Yes,0,No,42.91666667,No,No,0,0.130833383,0,42.91666667
33,No,No,16,27500,Yes,Yes,4109,68.48333333,Yes,Yes,Yes,No,52.13333333,No,52.13333333,52.13333333,Yes,0,No,47.38333333,No,No,11,0.130833383,0,47.38333333
31,No,No,12,18750,Yes,Yes,4679,76.93333333,Yes,Yes,Yes,No,54.6,No,53.55,53.55,Yes,17000,Yes,36.46666667,Yes,No,8,0.130833383,0,36.46666667
37,No,No,14,16250,Yes,Yes,6220,66.16666667,No,Yes,Yes,No,101.8333333,No,64.33333333,101.8333333,No,6000,Yes,0,No,No,17,0.042333333,37.5,0
60,No,No,6,2500,No,Yes,3557,53.48333333,No,No,Yes,Yes,77.05,No,71.25,73.13333333,Yes,0,No,37.46666667,No,No,0,0.021166667,1.883333333,37.46666667
43,No,No,12,16250,Yes,Yes,4128,58.38333333,Yes,Yes,Yes,Yes,61.68333333,No,51.26666667,61.68333333,No,3000,Yes,47.93333333,No,No,23,0.126999967,10.41666667,47.93333333
34,No,No,16,18750,Yes,Yes,3009,50.15,No,Yes,Yes,Yes,71.88333333,No,71.88333333,71.88333333,No,0,No,45.96666667,No,Yes,9,0.1231667,0,45.96666667
37,Yes,Yes,16,8250,Yes,Yes,4617,76.2,Yes,Yes,Yes,Yes,48.83333333,No,48.08333333,48.08333333,No,8600,Yes,42.96666667,No,No,12,0.077000017,0,42.96666667
50,No,No,17,32500,Yes,Yes,4752,79.06666667,No,Yes,No,Yes,52.88333333,No,52.75,52.75,Yes,0,No,36.05,No,No,0,0.269500167,0,36.05
32,No,No,12,42500,Yes,Yes,2900,38.85,No,Yes,Yes,Yes,61.23333333,No,51.75,59.25,No,48000,Yes,67.91666667,No,No,12,0.038499983,7.5,67.91666667
47,No,No,12,0,Yes,Yes,4629,75.98333333,Yes,Yes,Yes,Yes,52.21666667,No,51.05,51.71666667,No,0,No,39.8,No,No,27,0.115500033,0.666666667,39.8
35,No,No,17,18750,Yes,Yes,4664,76.48333333,No,Yes,Yes,Yes,57.38333333,No,56.13333333,56.13333333,Yes,13000,Yes,34.13333333,No,Yes,8,0.115500033,0,34.13333333
62,No,No,16,16250,Yes,Yes,3730,61.66666667,Yes,Yes,Yes,Yes,57.41666667,No,56.91666667,56.91666667,No,2500,Yes,48.91666667,No,No,39,0.077000017,0,48.91666667
38,No,No,16,0,Yes,Yes,4172,69.11666667,No,Yes,Yes,Yes,58.88333333,No,58.46666667,58.46666667,No,0,No,40,No,Yes,6,0.192500167,0,40
51,No,No,16,21250,Yes,Yes,4967,80.36666667,Yes,Yes,No,Yes,48.88333333,No,46.46666667,48.46666667,No,0,No,38.75,No,No,0,0.138833417,2,38.75
32,No,No,12,13750,Yes,Yes,4792,76.11666667,No,Yes,No,No,56.75,No,53,56.41666667,No,0,No,35.13333333,No,No,0,0.083166667,3.416666667,35.13333333
49,No,No,12,13750,Yes,Yes,4474,74.56666667,No,Yes,Yes,Yes,52.05,No,52.05,52.05,No,350,Yes,41.38333333,No,No,24,0.081166667,0,41.38333333
36,No,No,17,10500,Yes,Yes,4779,74.9,No,Yes,Yes,Yes,61.21666667,No,56.46666667,60.21666667,No,0,No,31.88333333,Yes,No,14,0.107833333,3.75,31.88333333
41,No,No,17,23750,Yes,Yes,4732,78.61666667,Yes,Yes,Yes,Yes,60.41666667,Yes,60.16666667,60.16666667,No,0,No,28.96666667,No,No,17,0.107833333,0,28.96666667
34,No,No,12,0,Yes,Yes,3058,49.21666667,No,Yes,Yes,No,57.6,No,55.85,57.6,Yes,0,No,61.18333333,No,Yes,5,0.034666667,1.75,61.18333333
36,No,No,12,13750,Yes,Yes,4202,62.78333333,No,Yes,Yes,Yes,51.46666667,No,44.21666667,51.46666667,No,0,No,53.75,No,No,11,0.069333333,7.25,53.75
31,No,No,16,10500,Yes,Yes,2609,41.48333333,No,Yes,Yes,Yes,58.88333333,No,56.88333333,58.88333333,No,600,Yes,67.63333333,No,Yes,9,0.069333333,2,67.63333333
38,No,No,12,10500,Yes,Yes,4149,68.15,No,Yes,Yes,Yes,54.63333333,No,53.63333333,54.63333333,No,11000,Yes,45.21666667,No,No,16,0.0878333,1,45.21666667
32,No,No,12,10500,Yes,Yes,4053,67.21666667,No,Yes,Yes,No,51.08333333,No,50.75,50.75,No,0,No,49.7,No,Yes,10,0.061666683,0,49.7
35,No,No,12,4500,Yes,Yes,3622,54.11666667,Yes,Yes,Yes,Yes,63.46666667,No,57.21666667,63.46666667,No,4500,Yes,50.41666667,No,No,13,0.061666683,6.25,50.41666667
23,No,No,16,6750,Yes,Yes,4137,66.31666667,No,No,Yes,Yes,64.8,No,62.16666667,64.8,No,9700,Yes,36.88333333,Yes,No,2,0.044333333,2.633333333,36.88333333
27,No,No,15,9500,Yes,Yes,4985,81.61666667,No,Yes,Yes,Yes,50.96666667,Yes,49.5,49.5,Yes,0,No,35.41666667,No,Yes,6,0.023166667,0,35.41666667
47,Yes,Yes,12,2500,Yes,Yes,4292,70.98333333,Yes,No,Yes,Yes,58.46666667,No,57.91666667,57.91666667,No,20000,Yes,38.55,No,No,0,0.016,0,38.55
39,No,No,11,0,Yes,Yes,3510,58.5,No,Yes,Yes,Yes,57.16666667,Yes,57.16666667,57.16666667,No,0,No,52.33333333,No,No,22,0.032,0,52.33333333
34,Yes,Yes,14,13750,Yes,Yes,6545,107.2,No,No,Yes,Yes,50.38333333,No,48.5,49,No,15000,Yes,10.41666667,No,Yes,17,0.024,0.5,10.41666667
52,No,No,7,6750,Yes,Yes,4160,69.21666667,No,Yes,Yes,Yes,59.61666667,No,59.5,59.61666667,Yes,0,No,39.16666667,No,No,0,0.043333317,0.116666667,39.16666667
45,No,No,12,16250,Yes,Yes,4275,66.5,Yes,Yes,Yes,No,55.75,No,51,55.75,No,0,No,45.75,Yes,No,23,0.104166717,4.75,45.75
61,No,No,17,13750,Yes,Yes,4547,72.03333333,No,Yes,Yes,Yes,62,No,58.25,61,No,1200,Yes,33.96666667,Yes,No,0,0.096166667,2.75,33.96666667
44,No,No,12,16250,No,Yes,4230,70.5,Yes,No,No,No,49.5,No,49.5,49.5,No,0,No,48,Yes,No,0,0.096166667,0,48
51,No,No,8,2500,No,Yes,3741,55.43333333,Yes,Yes,Yes,No,57.05,No,50.13333333,57.05,No,2500,Yes,55.51666667,No,No,27,0.096166667,6.916666667,55.51666667
49,No,No,15,13750,Yes,Yes,5477,89.03333333,Yes,No,Yes,Yes,59.38333333,No,57.13333333,57.13333333,No,0,No,19.58333333,Yes,No,26,0.08016665,0,19.58333333
64,No,No,10,13750,Yes,Yes,5187,86.45,Yes,Yes,Yes,Yes,54.8,No,54.8,54.8,No,2000,Yes,26.75,No,No,42,0.08016665,0,26.75
30,No,No,12,18750,Yes,Yes,4534,75.56666667,No,Yes,Yes,Yes,40,No,40,40,No,0,No,52.43333333,No,Yes,9,0.1603333,0,52.43333333
36,No,No,12,0,Yes,Yes,3875,62.86666667,No,Yes,Yes,Yes,52.88333333,No,51.16666667,51.66666667,No,0,No,52.25,No,No,6,0.1603333,0.5,52.25
26,No,No,15,13750,Yes,Yes,3765,62.75,No,No,Yes,Yes,37.5,No,37.5,37.5,No,11500,Yes,67.75,No,Yes,5,0.072166633,0,67.75
44,No,No,8,5500,No,Yes,3789,57.43333333,No,Yes,Yes,Yes,61.1,No,55.38333333,60.46666667,No,6000,Yes,49.46666667,Yes,No,24,0.144333383,5.083333333,49.46666667
28,No,No,12,10500,Yes,Yes,4266,71.1,No,Yes,No,Yes,50.38333333,No,50.38333333,50.38333333,No,0,No,46.51666667,No,No,0,0.068166667,0,46.51666667
59,No,No,13,18750,Yes,Yes,4177,62.73333333,No,Yes,Yes,No,65.3,Yes,58.41666667,58.41666667,No,8250,Yes,39.96666667,No,No,37,0.541333,0,39.96666667
35,No,No,12,13750,Yes,Yes,4989,82.65,No,Yes,Yes,No,58.88333333,No,58.38333333,58.38333333,No,0,No,26.46666667,Yes,No,14,0.09,0,26.46666667
56,Yes,Yes,12,8250,Yes,Yes,4099,65.81666667,No,Yes,Yes,Yes,58.66666667,No,56.16666667,56.16666667,Yes,0,No,43.51666667,No,No,33,0.060166683,0,43.51666667
38,No,No,12,16250,Yes,Yes,4012,61.86666667,Yes,Yes,Yes,Yes,57,No,52,52,No,0,No,49.13333333,No,No,19,0.12033335,0,49.13333333
28,No,No,17,13750,Yes,Yes,3734,62.23333333,Yes,Yes,Yes,Yes,55.13333333,Yes,55.13333333,55.13333333,No,14000,Yes,50.63333333,No,No,2,0.12033335,0,50.63333333
50,No,No,14,0,Yes,Yes,5027,83.4,No,No,Yes,Yes,57.01666667,No,56.63333333,57.01666667,No,0,No,27.58333333,No,No,20,0.056166683,0.383333333,27.58333333
46,No,No,8,18750,Yes,Yes,4187,68.15,No,Yes,Yes,Yes,57.18333333,No,55.55,56.55,No,0,No,42.66666667,Yes,No,25,0.112333333,1,42.66666667
28,No,No,16,6750,Yes,Yes,6177,99.7,No,No,No,Yes,48.71666667,No,45.46666667,48.71666667,Yes,0,No,19.58333333,Yes,No,0,0.059000017,3.25,19.58333333
28,No,No,12,3500,No,Yes,5474,91.23333333,No,Yes,Yes,No,54.26666667,No,54.26666667,54.26666667,No,0,No,22.5,No,Yes,6,0.0481667,0,22.5
36,No,No,12,0,Yes,Yes,3232,48.95,No,No,Yes,No,59.08333333,No,54.16666667,59.08333333,No,14000,Yes,59.96666667,No,No,0,0.027666683,4.916666667,59.96666667
47,No,No,16,27500,Yes,Yes,4527,75.45,Yes,Yes,Yes,No,48.58333333,No,48.58333333,48.58333333,No,0,No,43.96666667,No,No,19,0.172,0,43.96666667
40,No,No,14,13750,Yes,Yes,2680,42.63333333,Yes,Yes,Yes,No,71.53333333,No,69.5,71.5,Yes,0,No,53.83333333,No,No,10,0.0573333,2,53.83333333
42,No,No,14,0,Yes,Yes,3739,62.31666667,Yes,Yes,Yes,Yes,50.5,No,50.5,50.5,No,0,No,55.18333333,No,No,20,0.212999833,0,55.18333333
41,No,No,16,8250,Yes,Yes,4194,69.9,No,No,No,Yes,61.13333333,No,61.13333333,61.13333333,Yes,0,No,36.96666667,Yes,No,0,0.077833333,0,36.96666667
44,No,No,17,6750,Yes,Yes,4078,67.96666667,Yes,Yes,Yes,No,38.38333333,No,38.38333333,38.38333333,No,5500,Yes,61.65,No,No,14,0.0983333,0,61.65
53,Yes,Yes,16,18750,Yes,Yes,2893,47.05,Yes,No,Yes,Yes,61.46666667,No,60.3,61.46666667,No,17600,Yes,59.48333333,No,No,32,0.040999983,1.166666667,59.48333333
39,No,No,11,16250,Yes,Yes,4989,80.65,No,Yes,Yes,Yes,57.76666667,No,55.26666667,57.76666667,No,4500,Yes,29.58333333,Yes,No,20,0.067,2.5,29.58333333
26,No,No,12,1000,Yes,Yes,6196,96.8,No,No,Yes,No,66.48333333,Yes,60.01666667,61.26666667,No,12500,Yes,4.716666667,No,No,6,0.0085,1.25,4.716666667
25,No,No,12,0,No,Yes,7267,119.6166667,No,No,Yes,No,41.71666667,Yes,40.21666667,40.21666667,No,11000,Yes,6.666666667,No,No,0,0.017666667,0,6.666666667
32,No,No,6,6750,Yes,Yes,3776,62.43333333,No,Yes,Yes,Yes,46.68333333,No,46.18333333,46.18333333,Yes,800,Yes,58.88333333,Yes,Yes,10,0.034166667,0,58.88333333
32,Yes,Yes,12,10500,Yes,Yes,4059,61.56666667,No,Yes,Yes,Yes,62.46666667,No,56.38333333,62.46666667,Yes,5700,Yes,43.96666667,No,No,0,0.047,6.083333333,43.96666667
24,Yes,Yes,17,4500,No,Yes,5097,84.95,No,No,Yes,No,63.46666667,No,63.46666667,63.46666667,No,0,No,19.58333333,No,No,3,0.047,0,19.58333333
56,No,No,12,8250,Yes,Yes,4291,71.51666667,No,Yes,Yes,Yes,56.05,Yes,56.05,56.05,No,5000,Yes,40.43333333,No,No,28,0.059833317,0,40.43333333
34,No,No,10,3500,Yes,Yes,4292,71.53333333,Yes,Yes,Yes,Yes,61.25,No,61.25,61.25,No,4000,Yes,35.21666667,No,No,17,0.059833317,0,35.21666667
23,No,No,13,11750,Yes,Yes,4483,72.21666667,No,Yes,Yes,Yes,54.5,No,52,53.25,No,3500,Yes,41.28333333,No,Yes,0,0.072666667,1.25,41.28333333
29,Yes,Yes,12,18750,Yes,Yes,4169,69.06666667,Yes,No,Yes,No,59.35,No,58.93333333,58.93333333,Yes,17000,Yes,39.58333333,Yes,No,8,0.145333283,0,39.58333333
27,No,No,12,0,Yes,Yes,4014,66.9,No,Yes,Yes,Yes,54.21666667,No,54.21666667,54.21666667,No,0,No,46.88333333,No,No,8,0.085500033,0,46.88333333
58,Yes,Yes,10,13750,Yes,Yes,4570,75.16666667,Yes,Yes,No,No,49.08333333,No,48.08333333,49.08333333,No,0,No,43.75,No,No,0,0.085500033,1,43.75
56,No,No,12,21250,Yes,Yes,4502,74.4,No,Yes,Yes,Yes,43.3,No,42.66666667,42.66666667,No,11000,Yes,50.3,No,No,33,0.085500033,0,50.3
37,No,No,14,18750,Yes,Yes,2760,45.63333333,Yes,Yes,Yes,Yes,50.11666667,No,49.75,50.11666667,No,0,No,72.25,Yes,No,0,0.111166683,0.366666667,72.25
51,No,No,12,13750,No,Yes,3880,64.66666667,Yes,No,Yes,No,51.58333333,No,51.58333333,51.58333333,No,14000,Yes,51.75,No,No,0,0.111166683,0,51.75
50,No,No,12,13750,Yes,Yes,3901,65.01666667,No,Yes,Yes,No,49.75,No,49.75,49.75,No,0,No,53.23333333,No,No,28,0.104333317,0,53.23333333
39,No,No,16,23750,Yes,Yes,5124,85.4,No,Yes,Yes,Yes,37.38333333,No,37.38333333,37.38333333,No,2700,Yes,45.21666667,No,No,18,0.136833367,0,45.21666667
48,No,No,12,0,Yes,Yes,4904,72.65,No,Yes,Yes,Yes,56.38333333,No,47.3,56.38333333,No,0,No,38.96666667,No,No,20,0.136833367,9.083333333,38.96666667
50,No,No,16,27500,Yes,Yes,5767,94.61666667,Yes,Yes,Yes,Yes,57.75,No,56.25,56.25,No,6000,Yes,15.63333333,No,No,29,0.188166667,0,15.63333333
26,No,No,16,13750,Yes,Yes,3574,58.93333333,Yes,Yes,Yes,No,56.55,No,55.91666667,55.91666667,No,0,No,52.51666667,Yes,Yes,1,0.128333283,0,52.51666667
51,No,No,11,16250,Yes,Yes,6337,102.9166667,Yes,Yes,Yes,No,65.08333333,No,62.38333333,64.41666667,No,1000,Yes,0,Yes,No,29,0.102666683,2.033333333,0
39,No,No,16,18750,Yes,Yes,3684,60.73333333,Yes,Yes,Yes,No,45.68333333,No,45.01666667,45.68333333,No,3600,Yes,61.58333333,No,No,15,0.128333283,0.666666667,61.58333333
54,No,No,14,8250,Yes,Yes,4562,74.81666667,Yes,No,Yes,Yes,50.26666667,No,49.05,50.05,No,9500,Yes,42.91666667,No,No,27,0.05133335,1,42.91666667
28,No,No,12,4500,Yes,Yes,4237,70.61666667,Yes,Yes,Yes,No,57.71666667,No,57.71666667,57.71666667,No,0,No,39.66666667,No,No,1,0.06416665,0,39.66666667
37,Yes,Yes,12,10500,Yes,Yes,4576,74.26666667,No,Yes,No,Yes,47.38333333,No,45.38333333,47.38333333,Yes,0,No,46.35,No,No,0,0.077000017,2,46.35
26,No,No,14,8250,Yes,Yes,4117,63.11666667,No,Yes,Yes,No,70.08333333,No,64.58333333,70.08333333,No,350,Yes,34.8,No,Yes,4,0.077000017,5.5,34.8
35,No,No,17,13750,Yes,Yes,4073,66.21666667,No,Yes,Yes,Yes,53.58333333,No,51.91666667,51.91666667,No,1000,Yes,48.2,Yes,No,13,0.102666683,0,48.2
53,No,No,15,16250,Yes,Yes,6136,88.76666667,No,No,No,Yes,59.43333333,No,45.93333333,59.43333333,No,0,No,19.8,No,No,0,0.077000017,13.5,19.8
53,No,No,16,42500,Yes,Yes,4594,66.56666667,No,Yes,Yes,Yes,66.63333333,No,56.63333333,56.63333333,Yes,3500,Yes,34.8,No,No,30,0.2566665,0,34.8
27,No,No,12,5500,Yes,Yes,3502,57.86666667,No,Yes,Yes,Yes,52.13333333,No,51.63333333,51.63333333,No,5500,Yes,58,No,No,7,0.102666683,0,58
37,No,No,17,21250,Yes,Yes,4501,73.01666667,Yes,Yes,Yes,Yes,51.85,No,49.85,51.85,No,0,No,43.13333333,No,No,16,0.16,2,43.13333333
28,Yes,Yes,12,6750,Yes,Yes,4177,69.45,Yes,No,Yes,Yes,53.75,No,53.58333333,53.58333333,No,4800,Yes,44.8,No,No,9,0.059666683,0,44.8
29,No,No,17,13750,Yes,Yes,5024,79.73333333,Yes,No,Yes,Yes,64.18333333,No,60.18333333,62.68333333,No,19000,Yes,24.08333333,No,No,2,0.0941667,2.5,24.08333333
44,No,No,12,5500,Yes,Yes,3725,57.5,No,Yes,Yes,No,59.66666667,No,55.08333333,57.58333333,No,5400,Yes,50.83333333,No,No,22,0.0941667,2.5,50.83333333
26,No,No,12,5500,Yes,Yes,4463,74.38333333,No,No,Yes,Yes,56.11666667,No,56.11666667,56.11666667,No,7000,Yes,37.5,No,No,7,0.040666667,0,37.5
32,No,No,16,16250,Yes,Yes,4699,76.9,No,Yes,No,Yes,45.05,No,43.63333333,43.63333333,Yes,0,No,46.05,No,No,0,0.081333317,0,46.05
59,No,No,8,9500,No,Yes,3597,46.95,Yes,No,No,Yes,70.91666667,No,57.91666667,70,No,0,No,50.13333333,No,No,0,0.0685,12.08333333,50.13333333
26,No,No,17,3500,Yes,Yes,3521,57.55,No,Yes,Yes,No,61.43333333,No,60.3,60.3,No,0,No,49.01666667,No,No,2,0.055666683,0,49.01666667
32,No,No,11,2500,No,Yes,5970,98.08333333,No,No,No,Yes,59.08333333,No,57.66666667,59.08333333,No,0,No,10.83333333,No,No,0,0.042833333,1.416666667,10.83333333
27,No,No,14,8250,Yes,Yes,4130,68.83333333,No,Yes,Yes,Yes,54.16666667,No,54.16666667,54.16666667,Yes,0,No,45,No,No,8,0.042833333,0,45
57,No,No,9,4500,Yes,Yes,4657,71.45,Yes,No,No,Yes,50.3,No,44.13333333,50.13333333,No,0,No,46.25,No,No,0,0.045833333,6,46.25
26,No,No,12,0,Yes,Yes,4722,76.4,Yes,Yes,Yes,Yes,53.05,Yes,50.75,52.75,No,0,No,38.55,No,Yes,4,0.030000017,2,38.55
37,No,No,12,6750,No,Yes,4012,66.86666667,No,Yes,Yes,No,51.08333333,No,51.08333333,51.08333333,No,7000,Yes,50.05,Yes,No,14,0.061166683,0,50.05
24,No,No,14,2500,Yes,Yes,4904,81.73333333,No,Yes,Yes,No,47.91666667,No,47.91666667,47.91666667,No,0,No,38.35,No,No,1,0.061166683,0,38.35
33,No,No,12,11750,Yes,Yes,5184,63.98333333,Yes,Yes,Yes,Yes,73.91666667,No,51.5,72.55,No,0,No,30.1,No,No,14,0.100666667,21.05,30.1
33,No,No,17,10500,Yes,Yes,4916,80.43333333,No,Yes,No,Yes,48.13333333,No,46.63333333,48.13333333,Yes,0,No,39.43333333,Yes,No,0,0.080500033,1.5,39.43333333
27,No,No,14,8250,Yes,Yes,4004,66.73333333,No,Yes,Yes,Yes,60.16666667,No,60.16666667,60.16666667,Yes,0,No,41.1,No,Yes,0,0.05366665,0,41.1
45,No,No,8,16250,Yes,Yes,4029,59.9,No,Yes,Yes,No,63.96666667,No,56.71666667,63.96666667,No,3000,Yes,44.13333333,Yes,No,18,0.09016665,7.25,44.13333333
32,Yes,Yes,12,9500,Yes,Yes,4414,69.81666667,Yes,Yes,Yes,No,64.68333333,No,60.93333333,64.68333333,No,4000,Yes,33.5,Yes,No,9,0.098500017,3.75,33.5
30,No,No,17,13750,Yes,Yes,4972,82.86666667,Yes,Yes,Yes,Yes,55.8,Yes,55.8,55.8,No,0,No,29.33333333,No,Yes,7,0.1343334,0,29.33333333
35,No,No,12,4500,Yes,Yes,3815,57.58333333,Yes,No,Yes,Yes,58.16666667,No,52.16666667,58.16666667,No,11500,Yes,52.25,No,No,13,0.032,6,52.25
35,No,No,10,4500,Yes,Yes,5382,70.8,No,No,No,Yes,72.45,No,53.55,68.06666667,Yes,0,No,24.75,No,No,0,0.032,14.51666667,24.75
46,No,No,7,11750,No,Yes,3762,62.7,No,Yes,Yes,Yes,64.25,No,64.25,64.25,No,0,No,41.05,Yes,No,24,0.05033335,0,41.05
47,No,No,12,16250,Yes,Yes,4591,72.21666667,No,Yes,Yes,Yes,56.6,No,52.3,53.05,No,0,No,39.18333333,No,No,25,0.142000083,0.75,39.18333333
51,Yes,Yes,12,16250,Yes,Yes,3902,59.4,No,Yes,No,Yes,59.01666667,No,53.38333333,59.01666667,Yes,0,No,49.58333333,Yes,No,0,0.066,5.633333333,49.58333333
28,No,No,10,10500,Yes,Yes,5867,95.73333333,Yes,Yes,Yes,No,50.88333333,No,48.83333333,50.83333333,No,0,No,21.38333333,Yes,No,9,0.110000033,2,21.38333333
47,No,No,17,16250,Yes,Yes,5144,85.73333333,Yes,Yes,Yes,Yes,40.8,No,40.8,40.8,No,6000,Yes,41.46666667,No,No,19,0.137499983,0,41.46666667
46,No,No,12,3500,No,Yes,5698,85.71666667,No,No,Yes,Yes,68.51666667,No,59.26666667,68.51666667,No,7900,Yes,13.76666667,No,No,0,0.038499983,9.25,13.76666667
42,Yes,Yes,14,8250,Yes,Yes,3845,64.08333333,Yes,No,Yes,No,61,No,61,61,Yes,11000,Yes,42.91666667,No,No,0,0.07516665,0,42.91666667
59,No,No,9,1000,Yes,Yes,5218,85.71666667,Yes,No,No,No,43.51666667,No,42.26666667,42.26666667,Yes,0,No,38.76666667,No,No,0,0.019166667,0,38.76666667
30,No,No,11,1000,Yes,Yes,4552,73.86666667,No,No,Yes,Yes,49.13333333,No,47.13333333,49.08333333,Yes,7500,Yes,45,Yes,No,12,0.019166667,1.95,45
35,No,No,12,6750,Yes,Yes,5627,93.78333333,No,No,No,No,51.71666667,No,51.71666667,51.71666667,No,0,No,22.5,Yes,No,0,0.017166667,0,22.5
23,No,No,12,5500,Yes,Yes,5175,86.25,No,No,Yes,Yes,62.16666667,No,62.16666667,62.16666667,No,5750,Yes,19.58333333,Yes,No,3,0.020333333,0,19.58333333
38,No,No,11,16250,Yes,Yes,4887,81.45,No,No,Yes,Yes,47.33333333,No,47.33333333,47.33333333,No,14000,Yes,39.21666667,Yes,No,20,0.024,0,39.21666667
61,No,No,12,3500,Yes,Yes,5307,84.81666667,No,No,No,Yes,57.13333333,No,53.5,54.83333333,No,0,No,26.05,No,No,0,0.024,1.333333333,26.05
51,No,No,8,4500,Yes,Yes,5830,97.16666667,No,No,No,Yes,60.83333333,No,60.83333333,60.83333333,No,0,No,10,Yes,No,0,0.024,0,10
55,No,No,17,13750,Yes,Yes,4871,79.35,No,Yes,Yes,Yes,46.96666667,No,45.13333333,46.13333333,No,7000,Yes,41.68333333,No,No,25,0.012,1,41.68333333
33,No,No,10,3500,Yes,Yes,4300,71.66666667,Yes,No,Yes,Yes,58.83333333,No,58.83333333,58.83333333,No,12000,Yes,37.5,No,No,17,0.03266665,0,37.5
52,Yes,Yes,12,9500,Yes,Yes,3852,60.86666667,No,No,Yes,No,81.58333333,No,78.25,78.25,No,10000,Yes,25.55,Yes,No,0,0.052666667,0,25.55
27,No,No,15,13750,Yes,Yes,3928,62.21666667,No,Yes,Yes,Yes,63.9,No,60.65,61.9,No,12500,Yes,41.88333333,No,Yes,5,0.057666683,1.25,41.88333333
36,No,No,9,8250,Yes,Yes,4849,78.63333333,No,Yes,Yes,Yes,41.1,No,38.91666667,40.46666667,Yes,0,No,48.26666667,No,No,0,0.057666683,1.55,48.26666667
55,No,No,12,8250,Yes,Yes,4717,78.61666667,No,No,No,No,46.88333333,No,46.88333333,46.88333333,No,0,No,42.5,No,No,0,0.057666683,0,42.5
60,Yes,Yes,10,0,No,Yes,4245,69.75,Yes,No,Yes,No,52.46666667,No,51.46666667,52.46666667,No,0,No,45.78333333,No,No,38,0.057666683,1,45.78333333
40,No,No,11,9500,Yes,Yes,4243,69.71666667,No,No,Yes,Yes,62.83333333,Yes,61.83333333,62.83333333,No,10000,Yes,35.45,No,No,22,0.028833317,1,35.45
29,Yes,Yes,13,6750,Yes,Yes,5662,90.61666667,Yes,No,Yes,No,58.63333333,No,54.88333333,58.63333333,No,0,No,18.75,No,No,8,0.057666683,3.75,18.75
35,Yes,Yes,12,1000,Yes,Yes,5694,91.9,Yes,No,Yes,No,57.35,No,54.35,57.35,No,10000,Yes,18.75,No,No,16,0.057666683,3,18.75
35,No,No,12,4500,Yes,Yes,2848,42.46666667,No,Yes,Yes,No,64,No,59,64,No,4000,Yes,61.53333333,Yes,No,15,0.057666683,5,61.53333333
39,Yes,Yes,12,1000,Yes,Yes,4679,77.23333333,No,Yes,Yes,No,53.68333333,No,52.93333333,53.68333333,No,0,No,37.08333333,No,No,13,0.057666683,0.75,37.08333333
23,No,No,12,4500,No,Yes,4645,75.91666667,No,Yes,Yes,Yes,52.5,No,51,51,Yes,0,No,39.58333333,No,Yes,5,0.057666683,0,39.58333333
28,No,No,11,0,Yes,Yes,4390,72.66666667,No,Yes,Yes,Yes,60.33333333,No,59.83333333,59.83333333,No,800,Yes,35,No,Yes,1,0.057666683,0,35
28,No,No,17,4500,Yes,Yes,4914,76.98333333,No,No,No,Yes,53.63333333,No,48.71666667,49.21666667,No,0,No,37.38333333,Yes,No,0,0.057666683,0.5,37.38333333
54,Yes,Yes,13,6750,Yes,Yes,4785,79.75,Yes,No,No,Yes,50.33333333,No,50.33333333,50.33333333,Yes,0,No,37.91666667,No,No,0,0.057666683,0,37.91666667
46,Yes,Yes,11,0,Yes,Yes,4577,76.28333333,No,No,Yes,Yes,51.83333333,No,51.83333333,51.83333333,No,15000,Yes,39.88333333,No,No,0,0.036333333,0,39.88333333
52,Yes,Yes,12,11750,Yes,Yes,3774,62.9,No,No,Yes,Yes,64.96666667,No,64.96666667,64.96666667,No,11000,Yes,40.13333333,No,No,31,0.04133335,0,40.13333333
30,No,No,12,0,Yes,Yes,4826,78.93333333,No,No,Yes,Yes,48.85,No,47.35,48.85,No,23000,Yes,40.21666667,No,No,12,0.053833333,1.5,40.21666667
40,No,No,12,10500,Yes,Yes,4382,69.03333333,No,No,Yes,Yes,58.63333333,No,54.63333333,58.63333333,No,13000,Yes,40.33333333,No,No,16,0.091333333,4,40.33333333
40,No,No,17,4500,Yes,Yes,5666,82.15,No,No,Yes,Yes,64.8,No,52.51666667,53.18333333,Yes,0,No,21.05,Yes,No,22,0.07066665,0.666666667,21.05
28,No,No,10,10500,Yes,Yes,4150,55.25,No,Yes,Yes,Yes,66.66666667,No,52.75,55.5,Yes,3000,Yes,46.08333333,No,Yes,11,0.040000017,2.75,46.08333333
36,No,No,12,8250,Yes,Yes,4260,68.66666667,Yes,No,Yes,Yes,64.33333333,No,62,64.33333333,No,8000,Yes,35,No,No,8,0.030000017,2.333333333,35
30,No,No,12,8250,Yes,Yes,3980,66.33333333,Yes,No,No,Yes,61.25,No,61.25,61.25,Yes,0,No,40.41666667,No,No,0,0.062500017,0,40.41666667
37,No,No,12,9500,Yes,Yes,3567,59.45,No,Yes,Yes,Yes,55,No,55,55,No,1500,Yes,53.55,No,No,17,0.074999967,0,53.55
36,No,No,12,6750,No,Yes,6630,90.5,No,No,Yes,No,57.5,No,37.5,37.5,No,8000,Yes,20,Yes,No,14,0.062500017,0,20
31,No,No,12,8250,Yes,Yes,4506,71.43333333,Yes,Yes,Yes,Yes,58.63333333,No,54.96666667,58.63333333,No,3746,Yes,37.93333333,No,No,8,0.062500017,3.666666667,37.93333333
30,No,No,12,11750,Yes,Yes,4360,69.53333333,No,Yes,Yes,Yes,57.21666667,No,54.08333333,57.21666667,No,1400,Yes,41.25,No,No,4,0.0875,3.133333333,41.25
53,No,No,11,8250,Yes,Yes,5010,77,Yes,No,Yes,Yes,52.66666667,No,46.16666667,52.66666667,No,0,No,38.33333333,No,No,29,0.062500017,6.5,38.33333333
37,Yes,Yes,12,8250,No,Yes,4509,70.65,No,No,Yes,Yes,60.88333333,No,56.38333333,60.88333333,Yes,9000,Yes,36.46666667,No,No,18,0.049999983,4.5,36.46666667
29,No,No,12,13750,Yes,Yes,4429,73.81666667,No,Yes,Yes,Yes,55.63333333,No,55.63333333,55.63333333,No,0,No,38.55,Yes,No,10,0.08683335,0,38.55
34,No,No,12,1000,No,Yes,4450,73.61666667,Yes,Yes,Yes,Yes,56.05,No,55.5,55.5,No,2500,Yes,38.33333333,No,No,2,0.079333367,0,38.33333333
38,No,No,12,0,Yes,Yes,4154,59.21666667,Yes,Yes,Yes,Yes,61.65,No,51.63333333,59.76666667,No,0,No,47.13333333,No,No,19,0.096166667,8.133333333,47.13333333
24,Yes,Yes,12,16250,Yes,Yes,4722,77.95,No,No,Yes,Yes,53.38333333,No,52.63333333,52.63333333,Yes,1500,Yes,36.66666667,No,No,5,0.096166667,0,36.66666667
52,No,No,14,5500,Yes,Yes,2928,48.21666667,No,Yes,Yes,Yes,57.31666667,No,56.73333333,57.31666667,No,0,No,62.46666667,No,No,26,0.096166667,0.583333333,62.46666667
38,No,No,9,13750,No,Yes,4361,69.93333333,No,Yes,Yes,No,53.38333333,No,50.63333333,53.13333333,No,4500,Yes,44.68333333,Yes,No,14,0.096166667,2.5,44.68333333
36,No,No,16,23750,Yes,Yes,5105,85.08333333,No,No,Yes,Yes,51.91666667,No,51.91666667,51.91666667,No,21000,Yes,31,No,No,18,0.096166667,0,31
60,No,No,12,10500,Yes,Yes,3132,51.86666667,No,Yes,Yes,No,44.05,No,43.71666667,43.71666667,No,9000,Yes,72.08333333,Yes,No,0,0.096166667,0,72.08333333
39,No,No,12,1000,Yes,Yes,4754,79.23333333,No,Yes,Yes,No,50.21666667,No,50.21666667,50.21666667,No,1100,Yes,38.55,No,No,16,0.096166667,0,38.55
50,No,No,12,11750,Yes,Yes,3774,62.9,No,No,No,Yes,48.25,No,48.25,48.25,No,0,No,56.85,No,No,0,0.096166667,0,56.85
28,No,No,12,2500,Yes,Yes,6520,106.6666667,No,Yes,Yes,Yes,26.75,No,24.75,24.75,No,4000,Yes,34.58333333,No,No,12,0.096166667,0,34.58333333
36,No,No,10,10500,Yes,Yes,4723,78.71666667,No,No,No,Yes,46.16666667,No,46.16666667,46.16666667,No,0,No,43.11666667,Yes,No,0,0.096166667,0,43.11666667
60,No,No,8,13750,Yes,Yes,3797,61.11666667,Yes,Yes,Yes,No,57.3,No,55.13333333,57.13333333,No,4000,Yes,49.58333333,Yes,No,23,0.096166667,2,49.58333333
32,No,No,13,0,Yes,Yes,4745,78.33333333,No,Yes,Yes,Yes,54.25,No,53.5,54.25,Yes,0,No,35.41666667,No,No,11,0.096166667,0.75,35.41666667
56,No,No,12,8250,Yes,Yes,4336,70.76666667,No,Yes,Yes,Yes,53.43333333,No,51.93333333,53.43333333,No,9000,Yes,43.8,Yes,No,35,0.096166667,1.5,43.8
47,No,No,8,13750,Yes,Yes,4509,73.86666667,Yes,Yes,Yes,Yes,54.33333333,No,53.05,53.05,No,0,No,39.8,Yes,No,0,0.096166667,0,39.8
61,No,No,12,1000,Yes,Yes,3884,49.31666667,No,Yes,Yes,Yes,70.91666667,No,55.5,70.91666667,Yes,2400,Yes,47.76666667,No,No,39,0.096166667,15.41666667,47.76666667
29,No,No,17,11750,No,Yes,4794,78.65,Yes,Yes,No,No,53.13333333,No,51.88333333,53.13333333,No,0,No,36.21666667,No,No,0,0.096166667,1.25,36.21666667
56,No,No,8,11750,Yes,Yes,4750,79.16666667,Yes,Yes,Yes,Yes,48,No,48,48,No,0,No,40.83333333,No,No,0,0.096166667,0,40.83333333
27,Yes,Yes,12,0,Yes,Yes,5159,76.3,Yes,Yes,Yes,No,64.81666667,No,55.13333333,60.43333333,No,0,No,26.88333333,No,No,5,0.096166667,5.3,26.88333333
45,No,No,9,10500,Yes,Yes,3502,58.36666667,Yes,Yes,Yes,No,57.13333333,No,57.13333333,57.13333333,No,6600,Yes,52.5,No,No,0,0.083666667,0,52.5
25,Yes,Yes,12,6750,Yes,Yes,4732,64.23333333,Yes,No,Yes,No,81.26666667,No,66.63333333,68.01666667,No,9000,Yes,22.5,No,No,4,0.058666667,1.383333333,22.5
26,No,No,10,10500,No,Yes,5415,89,Yes,Yes,Yes,No,67.33333333,No,66.08333333,66.08333333,No,0,No,11.66666667,Yes,Yes,9,0.075500017,0,11.66666667
52,No,No,12,4500,Yes,Yes,4315,70.91666667,Yes,No,No,No,59.58333333,No,58.58333333,58.58333333,No,0,No,37.5,No,No,0,0.04616665,0,37.5
33,No,No,17,18750,Yes,Yes,4780,79.66666667,No,No,Yes,Yes,55.75,No,55.75,55.75,Yes,18000,Yes,32.58333333,No,Yes,8,0.125999983,0,32.58333333
37,No,No,17,4500,Yes,Yes,4317,69.61666667,Yes,Yes,Yes,Yes,62.96666667,No,60.63333333,61.63333333,No,0,No,35.41666667,Yes,Yes,7,0.06733335,1,35.41666667
30,No,No,13,0,Yes,Yes,6487,108.1166667,Yes,Yes,Yes,Yes,44.25,Yes,44.25,44.25,No,0,No,15.63333333,No,Yes,6,0.06733335,0,15.63333333
52,No,No,17,16250,Yes,Yes,3593,59.88333333,Yes,No,Yes,Yes,43.63333333,No,43.63333333,43.63333333,No,0,No,64.48333333,Yes,No,27,0.1683335,0,64.48333333
23,No,No,12,9500,Yes,Yes,4180,69.41666667,Yes,Yes,Yes,No,57.75,No,57.5,57.5,No,300,Yes,40.83333333,Yes,Yes,2,0.06733335,0,40.83333333
44,Yes,Yes,12,5500,Yes,Yes,4539,70.65,Yes,No,Yes,No,58.13333333,No,53.13333333,58.13333333,No,22000,Yes,39.21666667,No,No,0,0.050500017,5,39.21666667
33,No,No,16,13750,Yes,Yes,4127,57.31666667,No,Yes,Yes,Yes,67.96666667,No,56.5,65.66666667,No,0,No,42.71666667,No,No,10,0.134666683,9.166666667,42.71666667
27,Yes,Yes,12,8250,Yes,Yes,5109,84.9,No,No,Yes,No,52.05,No,51.8,51.8,No,10000,Yes,31.05,No,No,5,0.06733335,0,31.05
65,No,No,7,13750,No,Yes,4112,66.86666667,Yes,Yes,No,Yes,65.41666667,No,63.75,65.41666667,No,0,No,35.71666667,No,No,0,0.101000017,1.666666667,35.71666667
30,No,No,16,16250,Yes,Yes,4731,78.85,Yes,Yes,Yes,No,62.96666667,No,62.96666667,62.96666667,No,17000,Yes,26.18333333,No,Yes,8,0.134666683,0,26.18333333
54,No,No,16,18750,Yes,Yes,4463,69.51666667,Yes,Yes,Yes,Yes,55.63333333,No,50.76666667,54.63333333,No,6000,Yes,42.85,No,No,32,0.134666683,3.866666667,42.85
29,No,No,16,16250,Yes,Yes,4929,81.15,Yes,No,Yes,No,56.55,No,55.55,56.55,No,0,No,30.3,No,Yes,8,0.134666683,1,30.3
49,No,No,12,3500,Yes,Yes,5505,85,Yes,Yes,Yes,No,83,No,76.25,76.25,No,3700,Yes,0,No,No,27,0.134666683,0,0
25,No,No,12,10500,Yes,Yes,4567,76.11666667,No,Yes,Yes,Yes,54.38333333,No,54.38333333,54.38333333,Yes,0,No,37.5,No,Yes,4,0.06733335,0,37.5
58,Yes,Yes,12,27500,Yes,Yes,4654,53.06666667,Yes,No,Yes,Yes,76.38333333,No,51.88333333,54.38333333,No,25000,Yes,38.55,No,No,34,0.06733335,2.5,38.55
40,No,No,11,8250,No,Yes,4700,75.83333333,No,Yes,No,No,78.25,No,75.75,78.25,No,0,No,13.91666667,Yes,No,0,0.06733335,2.5,13.91666667
40,No,No,12,0,Yes,Yes,3370,55.53333333,No,Yes,Yes,Yes,65.3,No,64.66666667,65.3,Yes,0,No,47.16666667,No,Yes,5,0.06733335,0.633333333,47.16666667
56,No,No,12,6750,No,Yes,4551,69.88333333,Yes,Yes,No,No,61.01666667,Yes,55.05,59.13333333,No,0,No,37.1,Yes,No,0,0.06733335,4.083333333,37.1
45,No,No,9,0,No,Yes,4367,72.78333333,No,No,Yes,Yes,56.46666667,No,56.46666667,56.46666667,No,0,No,38.75,No,No,25,0.06733335,0,38.75
52,No,No,10,8250,No,Yes,4662,77.7,Yes,No,No,Yes,54.63333333,No,54.63333333,54.63333333,No,0,No,35.66666667,Yes,No,0,0.07666665,0,35.66666667
31,No,No,17,10500,Yes,Yes,4112,66.98333333,No,Yes,Yes,Yes,57.81666667,No,56.26666667,57.06666667,Yes,7500,Yes,43.2,No,Yes,10,0.088500017,0.8,43.2
27,No,No,12,16250,Yes,Yes,4872,81.2,No,Yes,Yes,Yes,48.25,No,48.25,48.25,No,6000,Yes,38.55,Yes,No,5,0.240499833,0,38.55
31,No,No,14,21250,Yes,Yes,4601,76.68333333,No,Yes,Yes,No,53.6,No,53.6,53.6,No,11000,Yes,37.71666667,No,No,9,0.173166667,0,37.71666667
30,No,No,17,18750,Yes,Yes,5050,81.66666667,Yes,Yes,Yes,Yes,51.33333333,No,48.83333333,48.83333333,Yes,800,Yes,35,No,No,6,0.173166667,0,35
44,No,No,16,21250,Yes,Yes,5855,81.16666667,Yes,Yes,Yes,Yes,68.91666667,No,52.5,68.91666667,No,0,No,17.91666667,Yes,No,17,0.173166667,16.41666667,17.91666667
27,No,No,15,13750,Yes,Yes,4594,76.06666667,No,Yes,Yes,No,54.63333333,No,54.13333333,54.13333333,No,1000,Yes,37.3,No,Yes,6,0.097166667,0,37.3
28,Yes,Yes,14,6750,Yes,Yes,4929,61.46666667,No,No,No,Yes,87.06666667,No,66.38333333,87.06666667,No,0,No,19.46666667,No,No,0,0.118333367,20.68333333,19.46666667
57,No,No,12,1000,Yes,Yes,4962,73.86666667,Yes,Yes,Yes,Yes,62.46666667,No,53.63333333,58.71666667,No,1800,Yes,31.66666667,No,No,24,0.139500033,5.083333333,31.66666667
33,No,No,13,9500,Yes,Yes,4901,81.68333333,No,No,Yes,Yes,46.71666667,No,46.71666667,46.71666667,No,0,No,39.6,No,No,10,0.042333333,0,39.6
29,Yes,Yes,12,6750,Yes,Yes,5242,84.2,No,Yes,Yes,Yes,53.8,No,50.63333333,50.63333333,Yes,9000,Yes,30,No,Yes,5,0.063499983,0,30
32,No,No,12,13750,Yes,Yes,3965,63.58333333,No,Yes,Yes,No,55,No,52.5,55,Yes,1000,Yes,49.41666667,Yes,No,14,0.10583335,2.5,49.41666667
25,No,No,13,0,Yes,Yes,3209,53.48333333,Yes,Yes,Yes,No,56.75,No,56.75,56.75,No,0,No,57.76666667,No,Yes,4,0.169333333,0,57.76666667
50,No,No,12,2500,Yes,Yes,4994,83.23333333,Yes,Yes,Yes,No,59.13333333,No,59.13333333,59.13333333,No,3000,Yes,25.63333333,No,No,25,0.10583335,0,25.63333333
39,No,No,12,13750,No,Yes,3810,63.5,Yes,Yes,No,No,61.16666667,No,61.16666667,61.16666667,No,0,No,43.33333333,Yes,No,0,0.10583335,0,43.33333333
24,Yes,Yes,12,11750,No,Yes,5444,78.01666667,Yes,Yes,Yes,No,62.06666667,No,49.35,62.06666667,No,7500,Yes,27.91666667,Yes,No,4,0.10583335,12.71666667,27.91666667
31,No,No,12,13750,Yes,Yes,5437,88.48333333,No,Yes,Yes,No,60.96666667,No,58.83333333,59.88333333,No,0,No,18.55,Yes,Yes,9,0.10583335,1.05,18.55
25,No,No,12,13750,Yes,Yes,5012,83.2,No,Yes,Yes,Yes,44.8,No,44.46666667,44.46666667,Yes,0,No,40,Yes,Yes,7,0.10583335,0,40
44,No,No,7,16250,Yes,Yes,4559,62.6,No,Yes,Yes,Yes,67.26666667,No,53.88333333,64.13333333,Yes,0,No,38.13333333,Yes,No,25,0.10583335,10.25,38.13333333
62,No,No,17,32500,Yes,Yes,4104,65.65,Yes,Yes,Yes,No,65.25,No,62.5,62.5,No,0,No,37.1,No,No,37,0.291333167,0,37.1
44,No,No,12,18750,Yes,Yes,4876,78.01666667,Yes,Yes,Yes,No,56.63333333,No,53.38333333,53.38333333,No,0,No,33.35,No,No,23,0.1655001,0,33.35
35,Yes,Yes,12,2500,Yes,Yes,4652,75.86666667,Yes,No,Yes,Yes,50.8,No,49.13333333,50.8,No,18750,Yes,41.33333333,No,No,0,0.072166633,1.666666667,41.33333333
34,Yes,Yes,12,10500,Yes,Yes,3871,56.63333333,No,No,No,Yes,68.23333333,No,60.35,67.23333333,Yes,0,No,43.13333333,No,No,0,0.072166633,6.883333333,43.13333333
27,Yes,Yes,12,6750,Yes,Yes,5237,78.36666667,No,No,Yes,Yes,69.41666667,No,60.5,69.41666667,Yes,8000,Yes,20.21666667,No,Yes,5,0.072166633,8.916666667,20.21666667
32,No,No,12,0,Yes,Yes,4799,79.98333333,No,Yes,Yes,Yes,60.51666667,Yes,60.51666667,60.51666667,No,0,No,27.5,No,No,10,0.144333383,0,27.5
58,No,No,8,18750,Yes,Yes,4981,83.01666667,Yes,Yes,Yes,Yes,47.26666667,No,47.26666667,47.26666667,No,0,No,37.71666667,Yes,No,30,0.144333383,0,37.71666667
27,No,No,17,10500,Yes,Yes,4977,82.81666667,No,No,Yes,Yes,49.13333333,No,49,49.13333333,Yes,11000,Yes,36.05,No,Yes,10,0.072166633,0.133333333,36.05
59,No,No,14,18750,Yes,Yes,5179,86.31666667,Yes,Yes,Yes,Yes,65.71666667,Yes,65.71666667,65.71666667,Yes,6000,Yes,15.96666667,No,No,34,0.144333383,0,15.96666667
23,No,No,12,8250,Yes,Yes,3517,57.98333333,No,Yes,Yes,No,56.93333333,No,56.3,56.3,No,0,No,53.08333333,No,No,0,0.1231667,0,53.08333333
45,No,No,8,13750,No,Yes,5940,96.5,No,Yes,Yes,Yes,71.5,No,69,71,No,0,No,0,No,No,0,0.095166667,2,0
25,No,No,12,11750,Yes,Yes,4261,70.51666667,Yes,Yes,Yes,Yes,48.63333333,No,48.13333333,48.13333333,No,1200,Yes,48.85,Yes,No,1,0.101999983,0,48.85
52,No,No,17,16250,Yes,Yes,5912,91.7,No,Yes,No,Yes,57.33333333,No,50.5,57.33333333,No,0,No,18.96666667,No,No,0,0.14116675,6.833333333,18.96666667
29,No,No,12,13750,Yes,Yes,4012,65.61666667,Yes,Yes,Yes,Yes,63,No,61.75,61.75,No,0,No,39.38333333,No,Yes,6,0.110666667,0,39.38333333
24,No,No,16,13750,Yes,Yes,4987,76.61666667,No,No,Yes,Yes,69.75,No,63.25,69.5,Yes,13200,Yes,21.63333333,No,No,3,0.063999967,6.25,21.63333333
59,No,No,10,2500,Yes,Yes,3817,63.61666667,No,Yes,Yes,Yes,52.66666667,No,52.66666667,52.66666667,Yes,2500,Yes,51.71666667,No,No,36,0.1323333,0,51.71666667
39,No,No,10,1000,Yes,Yes,3744,58.9,Yes,Yes,Yes,Yes,54.75,No,51.25,54.75,No,0,No,54.35,No,No,13,0.077000017,3.5,54.35
33,No,No,12,21250,Yes,Yes,4647,72.31666667,Yes,Yes,Yes,Yes,49.76666667,No,44.63333333,49.13333333,No,5500,Yes,45.91666667,Yes,No,7,0.154000017,4.5,45.91666667
33,No,No,8,9500,No,Yes,3479,57.98333333,Yes,Yes,Yes,No,68.55,No,68.55,68.55,No,0,No,41.46666667,No,Yes,13,0.077000017,0,41.46666667
58,No,No,12,10500,Yes,Yes,4729,69.65,No,Yes,No,No,64.05,No,54.88333333,64.05,No,0,No,34.3,No,No,0,0.115500033,9.166666667,34.3
33,No,No,16,16250,Yes,Yes,4625,77.08333333,Yes,Yes,Yes,Yes,46,No,46,46,No,0,No,44.91666667,No,Yes,9,0.192500167,0,44.91666667
24,Yes,Yes,17,4500,Yes,Yes,4247,70.78333333,No,No,Yes,No,62,No,62,62,Yes,3500,Yes,35.21666667,No,No,2,0.038499983,0,35.21666667
47,No,No,12,21250,Yes,Yes,4702,78.36666667,Yes,Yes,Yes,No,64,No,64,64,No,5600,Yes,25.63333333,No,No,7,0.154000017,0,25.63333333
51,No,No,16,9500,Yes,Yes,5419,84.1,No,No,Yes,No,61.85,No,55.63333333,61.85,Yes,0,No,22.05,No,No,29,0.077000017,6.216666667,22.05
44,Yes,Yes,11,9500,Yes,Yes,5707,95.11666667,No,No,Yes,Yes,72.88333333,No,72.88333333,72.88333333,No,15000,Yes,0,No,No,26,0.077000017,0,0
48,No,No,12,13750,Yes,Yes,4417,70.11666667,No,Yes,Yes,No,52.3,No,48.8,52.3,No,4000,Yes,45.58333333,Yes,No,27,0.115500033,3.5,45.58333333
36,No,No,12,0,Yes,Yes,3765,51.16666667,Yes,Yes,Yes,Yes,63.08333333,No,51.5,52.08333333,No,0,No,53.75,No,No,15,0.192500167,0.583333333,53.75
54,No,No,12,9500,Yes,Yes,4965,81.5,No,Yes,Yes,No,46.91666667,No,45.66666667,45.66666667,No,10000,Yes,39.58333333,No,No,27,0.115500033,0,39.58333333
25,No,No,12,3500,Yes,Yes,5822,94.36666667,Yes,Yes,Yes,No,44.26666667,No,41.6,44.26666667,No,0,No,29.36666667,No,No,1,0.038499983,2.666666667,29.36666667
56,No,No,17,10500,No,Yes,4381,70.51666667,Yes,No,No,Yes,54.13333333,No,51.63333333,54.13333333,No,0,No,43.35,No,No,0,0.077000017,2.5,43.35
28,No,No,12,0,Yes,Yes,4634,76.9,No,Yes,Yes,Yes,49.21666667,No,48.88333333,48.88333333,No,0,No,41.88333333,No,Yes,6,0.115500033,0,41.88333333
40,No,No,14,11750,Yes,Yes,5130,79.25,No,No,No,Yes,59.5,No,53.25,59.5,No,0,No,29.25,No,No,0,0.077000017,6.25,29.25
28,No,No,12,2500,Yes,Yes,4579,75.31666667,No,Yes,Yes,No,54.55,No,53.55,54.55,No,0,No,38.13333333,No,No,4,0.077000017,1,38.13333333
29,Yes,Yes,12,0,No,Yes,4425,69.98333333,No,Yes,Yes,Yes,54.01666667,No,50.25,50.88333333,No,0,No,44,No,No,7,0.077000017,0.633333333,44
33,No,No,17,18750,Yes,Yes,3864,62.98333333,Yes,Yes,Yes,No,63.05,No,61.63333333,61.63333333,No,0,No,41.96666667,No,Yes,0,0.115500033,0,41.96666667
26,No,No,12,10500,Yes,Yes,4712,78.53333333,No,Yes,Yes,Yes,58.13333333,No,58.13333333,58.13333333,Yes,0,No,31.33333333,Yes,No,5,0.115500033,0,31.33333333
54,No,No,12,27500,Yes,Yes,4307,70.78333333,Yes,Yes,Yes,Yes,56.58333333,No,55.58333333,56.58333333,No,9000,Yes,40.63333333,No,No,34,0.192500167,1,40.63333333
31,No,No,12,9500,Yes,Yes,4564,76.06666667,No,Yes,Yes,Yes,49.41666667,No,49.41666667,49.41666667,No,10000,Yes,42.51666667,Yes,No,12,0.077000017,0,42.51666667
56,No,No,13,13750,Yes,Yes,3957,65.95,Yes,Yes,Yes,Yes,63.71666667,No,63.71666667,63.71666667,No,14000,Yes,38.33333333,Yes,No,29,0.115500033,0,38.33333333
25,No,No,17,10500,Yes,Yes,3641,57.55,No,No,No,Yes,60.51666667,No,57.38333333,57.38333333,No,0,No,49.93333333,Yes,No,0,0.077000017,0,49.93333333
25,No,No,12,0,No,Yes,4007,65.53333333,No,Yes,Yes,Yes,60.58333333,Yes,59.33333333,59.33333333,No,2000,Yes,41.88333333,No,No,4,0.077000017,0,41.88333333
53,No,No,8,0,Yes,Yes,4319,71.98333333,No,Yes,Yes,Yes,57.68333333,No,57.68333333,57.68333333,No,0,No,38.33333333,No,No,15,0.115500033,0,38.33333333
26,No,No,12,5500,Yes,Yes,4246,70.51666667,Yes,Yes,Yes,Yes,53.21666667,No,52.96666667,52.96666667,No,1100,Yes,44.26666667,No,No,5,0.077000017,0,44.26666667
24,No,No,15,5500,Yes,Yes,4725,78.75,Yes,Yes,Yes,No,57.25,No,57.25,57.25,No,8000,Yes,32,Yes,No,1,0.077000017,0,32
45,No,No,17,13750,Yes,Yes,5594,89.6,No,Yes,Yes,Yes,57.15,No,53.51666667,56.65,Yes,2000,Yes,21.25,Yes,No,20,0.115500033,3.133333333,21.25
52,No,No,10,4500,No,Yes,5980,99.16666667,No,No,Yes,Yes,61.08333333,No,60.58333333,61.08333333,No,0,No,7.75,No,No,34,0.038499983,0.5,7.75
23,Yes,Yes,15,21250,Yes,Yes,5577,91.4,Yes,No,Yes,No,57.85,No,56.3,57.85,Yes,10500,Yes,18.75,No,Yes,5,0.081333317,1.55,18.75
32,Yes,Yes,12,6750,Yes,Yes,5250,72.28333333,No,No,Yes,Yes,78.21666667,No,63,76.96666667,Yes,0,No,17.5,No,No,15,0.060833317,13.96666667,17.5
49,Yes,Yes,17,13750,Yes,Yes,4515,70.25,No,No,Yes,Yes,50.25,No,45.25,50.25,No,50000,Yes,47.5,No,No,25,0.055833317,5,47.5
44,Yes,Yes,12,13750,Yes,Yes,4394,72.23333333,No,No,No,Yes,58.26666667,No,57.26666667,58.26666667,No,0,No,37.5,No,No,0,0.104833317,1,37.5
24,No,No,13,6750,Yes,Yes,4344,70.65,No,Yes,Yes,Yes,56.5,No,54.75,56.5,No,3500,Yes,40.85,No,No,2,0.12033335,1.75,40.85
34,No,No,11,13750,Yes,Yes,4414,73.35,No,Yes,Yes,Yes,53.6,No,53.38333333,53.38333333,No,0,No,41.05,No,No,15,0.12033335,0,41.05
54,Yes,Yes,14,11750,No,Yes,4247,70.78333333,No,Yes,Yes,Yes,61.38333333,No,61.38333333,61.38333333,No,11000,Yes,35.83333333,No,No,31,0.12033335,0,35.83333333
40,No,No,12,13750,Yes,Yes,4620,77,Yes,Yes,Yes,No,52.25,No,52.25,52.25,No,5000,Yes,38.75,Yes,No,16,0.12033335,0,38.75
48,No,No,8,9500,Yes,Yes,3594,59.26666667,Yes,No,Yes,Yes,54.18333333,No,53.55,53.55,Yes,1100,Yes,54.55,No,No,0,0.07316665,0,54.55
27,Yes,Yes,15,10500,Yes,Yes,4512,75.2,Yes,No,No,Yes,56.08333333,No,56.08333333,56.08333333,No,0,No,36.71666667,No,Yes,0,0.077499983,0,36.71666667
33,No,No,17,13750,Yes,Yes,4949,81.65,No,No,Yes,Yes,55.46666667,No,54.63333333,54.96666667,No,22000,Yes,30.88333333,No,Yes,13,0.128333283,0.333333333,30.88333333
28,No,No,12,16250,Yes,Yes,3314,50.01666667,Yes,Yes,No,No,57.71666667,No,52.5,57.71666667,No,0,No,60.26666667,Yes,No,0,0.16366665,5.216666667,60.26666667
62,No,No,16,0,No,Yes,4367,72.78333333,No,No,Yes,Yes,62.5,No,62.5,62.5,Yes,0,No,32.71666667,No,No,38,0.0861667,0,32.71666667
64,Yes,Yes,17,6750,No,Yes,5536,62.13333333,Yes,No,No,Yes,87.1,No,56.96666667,87.1,No,0,No,18.76666667,No,No,0,0.05516665,30.13333333,18.76666667
31,Yes,Yes,12,9500,Yes,Yes,4720,76.16666667,No,No,No,Yes,51,No,48.5,51,Yes,0,No,40.83333333,No,No,0,0.103500017,2.5,40.83333333
29,No,No,16,13750,Yes,Yes,5272,87.86666667,No,Yes,Yes,Yes,61.38333333,No,61.38333333,61.38333333,Yes,7950,Yes,18.75,No,No,3,0.103500017,0,18.75
36,No,No,12,0,Yes,Yes,3773,62.88333333,Yes,Yes,Yes,Yes,38.51666667,No,38.51666667,38.51666667,No,0,No,66.6,No,No,13,0.12516675,0,66.6
44,No,No,8,16250,Yes,Yes,3641,57.71666667,No,Yes,Yes,Yes,59.1,No,56.13333333,58.88333333,No,0,No,51.18333333,Yes,No,24,0.12516675,2.75,51.18333333
43,No,No,12,8250,Yes,Yes,4302,71.7,No,Yes,No,Yes,57.55,No,57.55,57.55,Yes,0,No,38.75,No,No,0,0.12516675,0,38.75
46,No,No,11,9500,Yes,Yes,3957,62.61666667,No,Yes,Yes,Yes,67.83333333,No,64.5,65.5,No,11000,Yes,37.55,No,No,26,0.12516675,1,37.55
29,Yes,Yes,12,3500,Yes,Yes,4896,81.6,No,No,No,Yes,48.68333333,No,48.68333333,48.68333333,No,0,No,37.71666667,No,No,0,0.043333317,0,37.71666667
28,No,No,14,10500,Yes,Yes,4436,73.93333333,No,Yes,No,No,57.3,No,57.3,57.3,No,0,No,36.76666667,No,No,0,0.0866667,0,36.76666667
26,No,No,13,8250,No,Yes,3594,59.9,No,Yes,Yes,Yes,62.91666667,No,62.91666667,62.91666667,No,7000,Yes,45.18333333,Yes,Yes,4,0.0866667,0,45.18333333
62,Yes,Yes,10,13750,Yes,Yes,5872,94.11666667,Yes,No,Yes,Yes,52.83333333,No,49.08333333,52.83333333,No,13000,Yes,21.05,No,No,42,0.021666667,3.75,21.05
23,No,No,17,9500,Yes,Yes,4850,80.83333333,Yes,No,Yes,Yes,54.5,No,54.5,54.5,No,4000,Yes,32.66666667,No,No,2,0.043333317,0,32.66666667
35,Yes,Yes,16,8250,Yes,Yes,5205,85.25,Yes,No,No,Yes,58.25,No,56.75,58.25,No,0,No,24.5,No,No,0,0.0866667,1.5,24.5
32,No,No,14,0,Yes,Yes,3567,59.45,No,Yes,Yes,Yes,58.88333333,No,58.88333333,58.88333333,Yes,0,No,49.66666667,No,Yes,7,0.0866667,0,49.66666667
44,No,No,12,0,Yes,Yes,4675,71.66666667,No,Yes,Yes,Yes,61.58333333,No,55.33333333,55.33333333,No,0,No,34.75,No,No,12,0.0866667,0,34.75
29,Yes,Yes,12,6750,Yes,Yes,4780,78.16666667,No,No,No,Yes,52,No,50.5,52,Yes,0,No,37.83333333,No,No,0,0.052,1.5,37.83333333
42,No,No,12,6750,Yes,Yes,3126,49.68333333,No,Yes,Yes,Yes,61.8,Yes,59.38333333,61.8,No,0,No,56.51666667,Yes,No,17,0.0866667,2.416666667,56.51666667
24,Yes,Yes,16,6750,Yes,Yes,4950,82.5,Yes,No,No,Yes,57.83333333,No,57.83333333,57.83333333,No,0,No,27.66666667,No,No,0,0.052,0,27.66666667
27,No,No,14,8250,Yes,Yes,4500,71,No,No,Yes,Yes,56.16666667,No,52.16666667,56.16666667,Yes,8250,Yes,40.83333333,No,No,8,0.034666667,4,40.83333333
49,No,No,14,11750,No,Yes,5257,85.73333333,No,No,Yes,Yes,62.88333333,No,61,62,No,15000,Yes,19.38333333,No,No,31,0.0866667,1,19.38333333
43,No,No,8,0,Yes,Yes,4679,72.31666667,No,Yes,Yes,Yes,74.21666667,No,68.55,68.55,Yes,0,No,21.46666667,No,No,13,0.034666667,0,21.46666667
40,Yes,Yes,14,5500,Yes,Yes,4934,78.23333333,No,Yes,Yes,Yes,48.35,No,44.35,48.35,Yes,4750,Yes,41.41666667,No,No,9,0.060666683,4,41.41666667
27,No,No,12,9500,No,Yes,5915,97.33333333,Yes,No,Yes,Yes,36.5,No,35.25,35.25,No,8000,Yes,34.16666667,No,No,0,0.077999983,0,34.16666667
49,No,No,8,2500,Yes,Yes,5802,94.2,No,No,Yes,Yes,56.5,No,54,56.5,No,14000,Yes,17.3,No,No,28,0.043333317,2.5,17.3
27,Yes,Yes,12,11750,Yes,Yes,5387,89.78333333,No,No,Yes,No,58,No,58,58,No,11500,Yes,20.21666667,Yes,No,8,0.08283335,0,20.21666667
26,No,No,12,16250,Yes,Yes,4474,68.35,No,No,Yes,Yes,73.68333333,No,67.46666667,71.8,No,26000,Yes,25.96666667,Yes,No,5,0.0481667,4.333333333,25.96666667
44,No,No,8,5500,No,Yes,5949,95.9,No,No,Yes,Yes,52.51666667,No,49.26666667,49.26666667,No,13000,Yes,19.58333333,Yes,No,24,0.0481667,0,19.58333333
31,No,No,15,11750,Yes,Yes,7095,115.9166667,Yes,No,Yes,No,52.08333333,No,49.75,52.08333333,No,12000,Yes,0,No,No,7,0.0481667,2.333333333,0
28,Yes,Yes,13,8250,No,Yes,7335,121.3666667,No,No,Yes,Yes,46.63333333,No,45.75,46.38333333,No,11000,Yes,0,Yes,Yes,4,0.0481667,0.633333333,0
47,No,No,12,5500,Yes,Yes,4215,69.25,No,No,Yes,Yes,57.75,No,56.75,57.75,No,9000,Yes,41,No,No,27,0.0481667,1,41
31,No,No,12,6750,Yes,Yes,4597,75.36666667,No,No,Yes,No,53.88333333,No,52.63333333,53.88333333,No,8000,Yes,38.75,No,No,11,0.0481667,1.25,38.75
33,Yes,Yes,12,4500,Yes,Yes,4454,69.23333333,No,No,Yes,No,57.3,No,52.3,57.3,No,8400,Yes,41.46666667,No,No,14,0.0481667,5,41.46666667
55,No,No,12,8250,Yes,Yes,4649,74.65,No,No,Yes,Yes,55.21666667,No,52.38333333,52.38333333,No,12000,Yes,38.13333333,Yes,No,35,0.057999983,0,38.13333333
24,No,No,12,0,Yes,Yes,4964,73.35,No,No,Yes,Yes,57.13333333,No,47.75,57.13333333,No,0,No,37.51666667,No,No,5,0.03083335,9.383333333,37.51666667
23,No,No,16,2500,Yes,Yes,5054,84.23333333,No,No,Yes,No,64.21666667,No,64.21666667,64.21666667,No,7500,Yes,19.55,Yes,No,3,0.061666683,0,19.55
42,No,No,11,9500,Yes,Yes,3699,61.15,No,Yes,Yes,Yes,57.75,No,57.25,57.75,No,6000,Yes,49.1,No,No,22,0.052999983,0.5,49.1
26,No,No,12,8250,Yes,Yes,5709,90.9,No,No,Yes,Yes,57.93333333,No,53.68333333,56.68333333,No,8000,Yes,19.16666667,Yes,No,9,0.052999983,3,19.16666667
25,No,No,14,6750,Yes,Yes,4567,76.11666667,Yes,No,No,No,55.33333333,No,55.33333333,55.33333333,No,0,No,36.55,No,No,0,0.052999983,0,36.55
32,No,No,10,0,Yes,Yes,4784,67.85,No,Yes,Yes,Yes,55.76666667,No,43.88333333,54.63333333,No,0,No,44.38333333,No,No,13,0.0265,10.75,44.38333333
33,No,No,12,16250,Yes,Yes,4509,74.65,No,No,Yes,Yes,53.13333333,No,52.63333333,52.63333333,Yes,16500,Yes,40.21666667,Yes,No,15,0.052999983,0,40.21666667
62,No,No,8,6750,Yes,Yes,4252,70.86666667,No,No,Yes,Yes,55.88333333,No,55.88333333,55.88333333,No,0,No,41.25,No,No,0,0.052999983,0,41.25
35,Yes,Yes,14,16250,Yes,Yes,4680,74.25,No,No,Yes,No,59.58333333,No,55.83333333,57.08333333,No,0,No,34.16666667,No,No,17,0.052999983,1.25,34.16666667
26,No,No,9,9500,Yes,Yes,4925,82.08333333,Yes,Yes,Yes,Yes,43,No,43,43,No,0,No,42.91666667,Yes,No,4,0.052999983,0,42.91666667
44,No,No,12,5500,Yes,Yes,4277,71.28333333,No,No,Yes,Yes,60.55,No,60.55,60.55,Yes,0,No,36.16666667,Yes,No,19,0.044333333,0,36.16666667
48,No,No,9,4500,Yes,Yes,4362,67.53333333,No,No,Yes,Yes,71.08333333,No,65.91666667,66.91666667,Yes,7500,Yes,29.38333333,No,No,32,0.034333333,1,29.38333333
51,No,No,8,3500,No,Yes,3340,44.91666667,No,No,Yes,Yes,81,No,70.25,75.5,Yes,0,No,42.08333333,No,No,0,0.026833333,5.25,42.08333333
47,No,No,6,4500,Yes,Yes,4121,64.55,No,No,No,Yes,49.68333333,No,45.55,49.68333333,No,0,No,53.76666667,Yes,No,0,0.009,4.133333333,53.76666667
43,No,No,12,13750,Yes,Yes,6810,113.5,No,No,Yes,Yes,54.5,Yes,54.5,54.5,No,13000,Yes,0,No,No,24,0.005833333,0,0
32,No,No,16,10500,Yes,Yes,4779,78.4,Yes,No,Yes,Yes,53.38333333,No,52.13333333,53.38333333,Yes,6000,Yes,36.21666667,No,No,9,0.096166667,1.25,36.21666667
24,No,No,13,6750,Yes,Yes,3722,60.15,No,Yes,Yes,Yes,60.46666667,No,58.58333333,58.58333333,Yes,7000,Yes,47.38333333,No,No,4,0.11099995,0,47.38333333
28,No,No,16,4500,Yes,Yes,3444,56.81666667,No,No,Yes,Yes,68.38333333,Yes,67.8,68.38333333,No,9360,Yes,42.8,No,No,0,0.030333317,0.583333333,42.8
33,Yes,Yes,14,5500,Yes,Yes,5282,84.28333333,No,No,Yes,Yes,68.5,No,64.75,67.25,Yes,9000,Yes,15.21666667,No,No,9,0.030333317,2.5,15.21666667
28,Yes,Yes,12,5500,Yes,Yes,5173,84.21666667,No,No,Yes,Yes,58.83333333,No,56.83333333,57.83333333,No,12000,Yes,24.95,No,Yes,0,0.025333333,1,24.95
24,No,No,13,6750,Yes,Yes,3753,60.05,No,No,Yes,Yes,63.18333333,No,60.68333333,63.18333333,Yes,13800,Yes,44.76666667,No,No,4,0.060833317,2.5,44.76666667
24,Yes,Yes,13,6750,Yes,Yes,5914,96.56666667,No,No,Yes,Yes,70.18333333,No,68.18333333,69.68333333,No,15000,Yes,1.25,No,No,2,0.036333333,1.5,1.25
49,Yes,Yes,12,8250,Yes,Yes,5047,83.61666667,Yes,No,Yes,Yes,45.63333333,No,45.13333333,45.13333333,No,23000,Yes,38.75,No,No,27,0.083166667,0,38.75
27,No,No,16,9500,Yes,Yes,4902,79.95,Yes,No,No,No,45.75,Yes,44,45.75,No,0,No,42.3,No,No,0,0.083166667,1.75,42.3
23,No,No,16,4500,Yes,Yes,5124,85.4,No,Yes,No,No,48.63333333,No,48.63333333,48.63333333,Yes,0,No,33.96666667,No,No,0,0.083166667,0,33.96666667
32,Yes,Yes,12,9500,Yes,Yes,5072,82.98333333,No,No,Yes,Yes,51.26666667,No,49.71666667,49.71666667,No,10000,Yes,33.75,Yes,No,12,0.08483335,0,33.75
39,No,No,11,6750,Yes,Yes,4455,67.61666667,No,Yes,No,Yes,63.63333333,No,57,58,No,0,No,36.75,No,No,0,0.068,1,36.75
35,No,No,12,0,No,Yes,4920,67.8,No,Yes,Yes,Yes,69.56666667,No,55.36666667,68.31666667,Yes,0,No,30.63333333,No,Yes,14,0.047833333,12.95,30.63333333
24,No,No,12,11750,No,Yes,4957,82.61666667,Yes,No,Yes,No,59.21666667,No,59.21666667,59.21666667,No,13000,Yes,26.16666667,Yes,No,4,0.052,0,26.16666667
33,Yes,Yes,12,11750,Yes,Yes,5010,79.08333333,No,No,Yes,Yes,70.16666667,No,65.75,70.16666667,Yes,15000,Yes,18.75,No,No,0,0.103999967,4.416666667,18.75
40,No,No,16,27500,Yes,Yes,4674,77.9,Yes,Yes,Yes,Yes,50.3,No,50.3,50.3,No,0,No,39.8,No,No,16,0.26,0,39.8
25,Yes,Yes,13,8250,Yes,Yes,5380,84.66666667,Yes,No,No,No,52.83333333,No,47.83333333,52.83333333,No,0,No,30.5,No,No,0,0.103999967,5,30.5
30,No,No,12,8250,Yes,Yes,5026,83.76666667,No,No,Yes,Yes,48.18333333,No,48.18333333,48.18333333,No,0,No,36.05,Yes,Yes,9,0.103999967,0,36.05
24,No,No,16,13750,Yes,Yes,5387,89.78333333,Yes,No,Yes,Yes,55.38333333,No,55.38333333,55.38333333,No,13500,Yes,22.83333333,No,No,3,0.103999967,0,22.83333333
25,No,No,16,13750,Yes,Yes,3850,64.16666667,Yes,Yes,Yes,Yes,52.58333333,No,52.58333333,52.58333333,No,12000,Yes,51.25,No,No,3,0.124833367,0,51.25
34,No,No,12,5500,Yes,Yes,3465,56,No,No,No,No,70.25,No,68.5,69.75,No,0,No,41.75,Yes,No,0,0.064499967,1.25,41.75
52,No,No,12,9500,Yes,Yes,4606,76.76666667,No,No,Yes,No,55.46666667,No,55.46666667,55.46666667,No,17000,Yes,35.76666667,No,No,27,0.072833333,0,35.76666667
25,No,No,15,3500,Yes,Yes,5090,83.41666667,No,Yes,Yes,No,51.66666667,No,50.25,51.25,Yes,600,Yes,32.91666667,No,Yes,3,0.0936667,1,32.91666667
37,No,No,16,21250,Yes,Yes,5235,87.25,Yes,Yes,Yes,No,53.25,No,53.25,53.25,No,0,No,27.5,No,Yes,7,0.187333333,0,27.5
26,No,No,17,9500,Yes,Yes,4595,75.83333333,Yes,Yes,Yes,Yes,45.91666667,No,45.16666667,45.91666667,No,6000,Yes,46.25,No,No,2,0.041666683,0.75,46.25
26,No,No,12,6750,Yes,Yes,4810,78.16666667,Yes,No,No,Yes,50.16666667,No,48.16666667,50.16666667,No,0,No,39.66666667,Yes,No,0,0.062500017,2,39.66666667
65,No,No,12,0,Yes,Yes,5181,77.3,No,Yes,Yes,Yes,68.68333333,No,59.63333333,68.68333333,No,0,No,22.01666667,No,No,35,0.02083335,9.05,22.01666667
32,Yes,Yes,12,1000,Yes,Yes,4914,81.9,Yes,No,Yes,Yes,45.13333333,No,45.13333333,45.13333333,No,8100,Yes,40.96666667,No,No,0,0.045000017,0,40.96666667
27,No,No,10,6750,Yes,Yes,2810,46.83333333,No,Yes,Yes,No,68.33333333,No,68.33333333,68.33333333,No,0,No,52.83333333,Yes,Yes,2,0.062500017,0,52.83333333
57,No,No,4,1000,Yes,Yes,5902,96.78333333,No,No,No,Yes,65.21666667,No,63.63333333,64.13333333,Yes,0,No,6,No,No,0,0.006333333,0.5,6
36,No,No,8,2500,Yes,Yes,6270,104.5,No,No,Yes,Yes,51,No,51,51,Yes,0,No,12.5,No,No,16,0.028,0,12.5
51,No,No,13,4500,Yes,Yes,4215,64.66666667,Yes,Yes,Yes,Yes,68.33333333,No,62.75,67.08333333,Yes,5250,Yes,35,No,No,0,0.06416665,4.333333333,35
52,No,No,11,13750,Yes,Yes,5002,79.06666667,No,No,Yes,Yes,49.46666667,No,45.16666667,48.21666667,No,18500,Yes,39.46666667,Yes,No,35,0.11766665,3.05,39.46666667
24,Yes,Yes,17,6750,Yes,Yes,5002,82.45,No,No,Yes,No,63.46666667,No,62.55,62.55,No,0,No,22.08333333,No,No,1,0.030000017,0,22.08333333
27,Yes,Yes,12,11750,Yes,Yes,3686,60.43333333,No,No,Yes,Yes,66.71666667,No,65.71666667,65.71666667,No,11900,Yes,40.85,No,No,4,0.030000017,0,40.85
29,Yes,Yes,13,3500,Yes,Yes,4582,74.4,No,No,Yes,Yes,60.38333333,No,58.41666667,59.88333333,No,18500,Yes,33.21666667,Yes,No,10,0.030166667,1.466666667,33.21666667
30,No,No,13,8250,No,Yes,3854,60.48333333,No,Yes,Yes,Yes,65.3,No,61.55,61.55,Yes,0,No,42.21666667,Yes,No,6,0.083500017,0,42.21666667
30,Yes,Yes,12,6750,Yes,Yes,5259,85.18333333,Yes,No,Yes,Yes,54.96666667,No,52.5,52.5,No,6000,Yes,27.85,No,No,7,0.07416665,0,27.85
33,No,No,16,16250,Yes,Yes,5350,89.16666667,No,Yes,No,No,46.33333333,No,46.33333333,46.33333333,No,0,No,32.5,No,No,0,0.081333317,0,32.5
37,No,No,11,13750,Yes,Yes,5812,88.61666667,Yes,Yes,Yes,No,57.5,No,49.25,49.25,No,3000,Yes,21.88333333,No,No,16,0.125333317,0,21.88333333
27,Yes,Yes,14,6750,Yes,Yes,5319,86.23333333,Yes,No,No,No,51.55,No,49.13333333,51.55,No,0,No,30.21666667,No,No,0,0.0736667,2.416666667,30.21666667
37,Yes,Yes,12,13750,Yes,Yes,4986,83.1,Yes,Yes,Yes,No,50.75,No,50.75,50.75,No,360,Yes,34.15,No,No,7,0.102833367,0,34.15
44,No,No,12,5500,Yes,Yes,4522,73.86666667,No,No,Yes,No,61.41666667,No,59.91666667,60.91666667,No,14500,Yes,32.71666667,No,No,22,0.054999983,1,32.71666667
62,No,No,8,16250,Yes,Yes,7095,118.25,No,Yes,Yes,No,49.75,No,49.75,49.75,No,0,No,0,No,No,41,0.077000017,0,0
54,Yes,Yes,12,13750,Yes,Yes,4446,74.1,Yes,No,Yes,No,55.76666667,No,55.76666667,55.76666667,No,1500,Yes,38.13333333,No,No,32,0.110000033,0,38.13333333
23,Yes,Yes,14,10500,Yes,Yes,4690,78.08333333,Yes,Yes,No,No,53.33333333,No,53.25,53.25,No,0,No,36.58333333,No,No,0,0.082500033,0,36.58333333
42,Yes,Yes,12,13750,Yes,Yes,4919,72.15,Yes,No,No,No,61.05,No,51.21666667,52.71666667,No,0,No,34.8,No,No,0,0.110000033,1.5,34.8
32,No,No,12,18750,Yes,Yes,4372,72.86666667,Yes,No,No,No,60.13333333,No,60.13333333,60.13333333,No,0,No,35,No,No,0,0.176,0,35
28,No,No,17,13750,Yes,Yes,4546,75.76666667,No,Yes,No,Yes,48.8,No,48.8,48.8,No,0,No,43.43333333,No,No,0,0.044,0,43.43333333
32,Yes,Yes,12,0,Yes,Yes,4680,78,No,No,Yes,No,58.75,No,58.75,58.75,No,12000,Yes,31.25,No,No,14,0.044,0,31.25
57,Yes,Yes,14,18750,Yes,Yes,3776,62.93333333,Yes,No,Yes,Yes,65.88333333,No,65.88333333,65.88333333,Yes,20000,Yes,39.18333333,No,No,34,0.054999983,0,39.18333333
50,Yes,Yes,13,13750,Yes,Yes,4562,75.28333333,Yes,No,Yes,Yes,54.38333333,No,53.63333333,53.63333333,No,27000,Yes,38.33333333,Yes,No,29,0.131999983,0,38.33333333
35,Yes,Yes,17,6750,Yes,Yes,4106,66.4,Yes,No,No,Yes,66.16666667,No,64.13333333,64.88333333,No,0,No,35.43333333,No,No,0,0.066,0.75,35.43333333
28,No,No,12,0,Yes,Yes,5825,97.08333333,Yes,No,No,Yes,62.33333333,No,62.33333333,62.33333333,No,0,No,8.583333333,No,Yes,0,0.054999983,0,8.583333333
60,Yes,Yes,12,5500,Yes,Yes,3950,63.83333333,No,No,Yes,Yes,61.5,No,59.5,59.5,No,0,No,42.66666667,No,No,38,0.044,0,42.66666667
39,No,No,17,18750,Yes,Yes,4836,76.6,No,No,No,Yes,57.63333333,No,53.63333333,57.63333333,No,0,No,33.76666667,Yes,No,0,0.187,4,33.76666667
29,No,No,12,11750,Yes,Yes,4725,78.75,No,Yes,Yes,No,54.25,No,54.25,54.25,No,9500,Yes,35,Yes,No,8,0.110000033,0,35
43,No,No,12,8250,Yes,Yes,5044,75.31666667,Yes,Yes,No,Yes,64.8,No,56.05,63.55,No,0,No,27.88333333,No,No,0,0.047333333,7.5,27.88333333
47,No,No,12,21250,Yes,Yes,4519,75.31666667,Yes,No,Yes,No,54.76666667,No,54.76666667,54.76666667,No,20000,Yes,37.91666667,No,No,7,0.061666683,0,37.91666667
33,No,No,11,8250,Yes,Yes,4075,58.03333333,No,No,Yes,Yes,64.13333333,Yes,54.25,54.25,Yes,20000,Yes,45.83333333,No,No,16,0.08483335,0,45.83333333
45,Yes,Yes,12,2500,Yes,Yes,4354,72.18333333,Yes,No,Yes,No,59.51666667,No,59.13333333,59.13333333,No,16000,Yes,36.3,No,No,25,0.034999983,0,36.3
54,No,No,9,1000,Yes,Yes,5691,94.85,No,No,Yes,Yes,53.01666667,Yes,53.01666667,53.01666667,No,11800,Yes,20.13333333,No,No,39,0.023333333,0,20.13333333
45,No,No,12,2500,Yes,Yes,5717,94.28333333,No,No,Yes,No,54.13333333,No,53.13333333,54.13333333,No,11000,Yes,19.58333333,No,No,0,0.024,1,19.58333333
51,No,No,14,8250,Yes,Yes,6762,103.1833333,Yes,No,Yes,Yes,64.81666667,No,55.3,60.01666667,No,19000,Yes,0,No,No,32,0.09999995,4.716666667,0
24,No,No,12,4500,Yes,Yes,3857,64.28333333,No,No,No,Yes,67.16666667,No,67.16666667,67.16666667,No,0,No,36.55,No,Yes,0,0.051,0,36.55
32,No,No,9,13750,No,Yes,5046,83.76666667,No,No,Yes,No,46.1,No,45.76666667,45.76666667,No,14000,Yes,38.13333333,Yes,No,14,0.0481667,0,38.13333333
42,Yes,Yes,12,16250,Yes,Yes,6670,102.9166667,Yes,No,Yes,Yes,65.08333333,No,56.83333333,56.83333333,No,19000,Yes,0,No,No,23,0.036166667,0,0
60,No,No,12,2500,Yes,Yes,4124,66.31666667,Yes,No,No,Yes,68.13333333,Yes,65.71666667,68.13333333,No,0,No,33.55,No,No,0,0.016,2.416666667,33.55
48,No,No,11,2500,Yes,Yes,5519,89.48333333,No,No,No,Yes,42.88333333,Yes,40.38333333,40.38333333,No,0,No,35.63333333,No,No,0,0.032,0,35.63333333
39,Yes,Yes,12,13750,Yes,Yes,4459,72.81666667,Yes,No,Yes,No,57.96666667,No,56.46666667,57.96666667,No,15000,Yes,37.21666667,Yes,No,16,0.05333335,1.5,37.21666667
36,No,No,16,4500,Yes,Yes,4895,81.58333333,Yes,No,Yes,No,54.66666667,No,54.66666667,54.66666667,No,0,No,31.75,No,No,14,0.063499983,0,31.75
56,Yes,Yes,13,3500,Yes,Yes,6329,105.4833333,No,No,Yes,Yes,56.26666667,No,56.26666667,56.26666667,No,18000,Yes,6.25,Yes,No,37,0.0535,0,6.25
48,No,No,12,13750,Yes,Yes,5084,84.73333333,No,No,Yes,No,57.63333333,No,57.63333333,57.63333333,No,16000,Yes,25.63333333,Yes,No,27,0.038499983,0,25.63333333
34,No,No,16,18750,Yes,Yes,5582,93.03333333,Yes,No,Yes,No,61.83333333,No,61.83333333,61.83333333,No,18000,Yes,13.13333333,No,No,15,0.038499983,0,13.13333333
33,No,No,10,6750,Yes,Yes,4591,67.21666667,No,No,Yes,Yes,62.56666667,No,53.26666667,61.81666667,No,0,No,38.21666667,No,No,0,0.02566665,8.55,38.21666667
48,No,No,17,5500,No,Yes,6036,94.01666667,No,Yes,No,Yes,60.01666667,No,53.43333333,53.93333333,No,0,No,13.96666667,No,No,0,0.061666683,0.5,13.96666667
31,No,No,8,5500,Yes,Yes,4333,52.66666667,Yes,Yes,Yes,Yes,67.56666667,No,48.01666667,67.56666667,No,0,No,47.76666667,No,Yes,11,0.035999983,19.55,47.76666667
56,No,No,10,2500,Yes,Yes,4936,80.51666667,No,No,Yes,Yes,53.63333333,No,51.88333333,53.63333333,Yes,13500,Yes,33.85,No,No,36,0.030166667,1.75,33.85
46,No,No,11,2500,Yes,Yes,5214,84.18333333,No,No,Yes,Yes,54.85,No,52.13333333,52.13333333,Yes,14000,Yes,28.96666667,No,No,26,0.037,0,28.96666667
38,Yes,Yes,10,0,Yes,Yes,5352,87.28333333,Yes,No,Yes,Yes,55.3,No,53.38333333,55.13333333,No,0,No,25.41666667,No,No,21,0.015333333,1.75,25.41666667
23,Yes,Yes,12,1000,No,Yes,6420,98.08333333,Yes,No,Yes,Yes,64.41666667,No,55.5,63.58333333,No,12000,Yes,5.5,No,No,2,0.04616665,8.083333333,5.5
30,No,No,10,13750,Yes,Yes,3330,52.5,No,Yes,No,Yes,72.66666667,Yes,69.66666667,72.66666667,No,0,No,42.83333333,No,No,0,0.277166667,3,42.83333333
33,Yes,Yes,11,13750,Yes,Yes,5619,93.15,Yes,No,Yes,No,56.63333333,No,56.13333333,56.13333333,No,13000,Yes,18.21666667,No,No,16,0.038499983,0,18.21666667
50,Yes,Yes,8,13750,Yes,Yes,3980,65.83333333,Yes,No,Yes,No,55.41666667,No,54.91666667,54.91666667,No,18000,Yes,46.75,Yes,No,23,0.069333333,0,46.75
51,No,No,12,2500,Yes,Yes,6152,94.11666667,No,No,Yes,No,60.13333333,No,51.71666667,58.46666667,Yes,13000,Yes,13.75,No,No,0,0.03266665,6.75,13.75
35,No,No,16,0,Yes,Yes,6639,108.9,No,No,Yes,Yes,57.96666667,No,56.21666667,57.35,No,24000,Yes,1.133333333,No,No,15,0.096166667,1.133333333,1.133333333
53,No,No,16,42500,Yes,Yes,3667,59.65,No,No,Yes,Yes,54.96666667,No,53.5,53.5,Yes,37000,Yes,53.38333333,No,No,30,0.056166683,0,53.38333333
33,No,No,12,4500,Yes,Yes,5829,95.4,No,No,Yes,No,46.71666667,No,44.96666667,44.96666667,No,24000,Yes,25.88333333,Yes,No,15,0.0481667,0,25.88333333
49,Yes,Yes,12,1000,Yes,Yes,5422,67.36666667,No,No,Yes,Yes,83.55,No,60.55,76.8,No,2613,Yes,17.08333333,No,No,26,0.03966665,16.25,17.08333333
44,No,No,8,2500,Yes,Yes,4966,82.01666667,No,No,Yes,Yes,40.96666667,No,40.21666667,40.71666667,No,0,No,45.01666667,No,No,24,0.052500033,0.5,45.01666667
28,No,No,12,13750,Yes,Yes,6137,100.5333333,Yes,No,Yes,No,65.38333333,Yes,63.63333333,64.63333333,No,14300,Yes,2.083333333,No,No,7,0.009166667,1,2.083333333
64,No,No,12,10500,Yes,Yes,6660,108.75,No,Yes,Yes,No,59.25,No,57,58,No,0,No,0,No,No,35,0.057666683,1,0
61,No,No,12,2500,Yes,Yes,6490,107.95,No,No,Yes,Yes,53.8,No,53.58333333,53.8,No,0,No,6.25,No,No,0,0.057666683,0.216666667,6.25
32,No,No,12,1000,Yes,Yes,5537,81.53333333,No,No,No,Yes,54.46666667,No,43.71666667,54.46666667,No,0,No,32,No,No,0,0.028833317,10.75,32
34,No,No,11,9500,Yes,Yes,6029,99.85,No,Yes,Yes,No,44.68333333,Yes,44.05,44.05,Yes,0,No,23.46666667,No,No,16,0.057666683,0,23.46666667
43,No,No,12,3500,Yes,Yes,4732,78.86666667,Yes,No,Yes,Yes,55.88333333,No,55.88333333,55.88333333,No,18000,Yes,33.25,Yes,No,22,0.04133335,0,33.25
25,No,No,17,1000,Yes,Yes,4922,81.53333333,Yes,Yes,Yes,Yes,59.8,No,59.3,59.8,No,8000,Yes,26.66666667,No,No,3,0.049999983,0.5,26.66666667
39,No,No,17,16250,Yes,Yes,6009,96.4,Yes,No,Yes,Yes,50.88333333,No,47.13333333,49.63333333,No,16000,Yes,20.71666667,No,No,19,0.096166667,2.5,20.71666667
60,No,No,17,21250,Yes,Yes,4944,81.4,No,Yes,Yes,Yes,53.46666667,No,52.46666667,53.46666667,No,0,No,33.13333333,No,No,34,0.423333333,1,33.13333333
25,No,No,12,5500,Yes,Yes,6307,97.61666667,Yes,No,Yes,Yes,70.38333333,No,62.88333333,69.13333333,No,15000,Yes,0,No,No,5,0.038499983,6.25,0
55,Yes,Yes,14,2500,Yes,Yes,6300,103.1166667,No,No,Yes,Yes,58.63333333,No,56.75,58.63333333,No,12000,Yes,6.25,No,No,33,0.038499983,1.883333333,6.25
45,No,No,17,32500,Yes,Yes,5751,92.43333333,Yes,No,Yes,No,58.05,No,54.63333333,58.05,No,34000,Yes,17.51666667,No,No,21,0.077000017,3.416666667,17.51666667
52,No,No,8,2500,No,Yes,5479,84.9,Yes,No,Yes,No,54.21666667,No,47.8,54.05,No,16000,Yes,28.88333333,No,No,27,0.038499983,6.25,28.88333333
63,No,No,5,3500,No,Yes,5817,94.7,Yes,No,No,Yes,67.25,No,65,67.25,No,0,No,6.05,No,No,0,0.077000017,2.25,6.05
26,No,No,16,18750,Yes,Yes,6342,103.4,Yes,No,Yes,No,44.1,No,41.8,43.68333333,No,18500,Yes,20.5,No,Yes,5,0.12516675,1.883333333,20.5
26,No,No,6,6750,Yes,Yes,4709,77.98333333,No,No,Yes,Yes,59.75,No,59.25,59.25,Yes,7000,Yes,30.26666667,Yes,Yes,10,0.04183335,0,30.26666667
58,No,No,8,0,No,Yes,5825,88.33333333,Yes,No,No,No,69.25,No,60.5,69.25,No,0,No,10.41666667,No,No,0,0.04533335,8.75,10.41666667
60,No,No,11,1000,Yes,Yes,6865,114.4166667,No,No,No,Yes,53.58333333,No,53.58333333,53.58333333,No,0,No,0,No,No,0,0.019166667,0,0
31,No,No,12,9500,Yes,Yes,6900,115,Yes,No,Yes,No,53,No,53,53,No,13500,Yes,0,Yes,No,9,0.08416665,0,0
57,No,No,12,1000,Yes,Yes,5554,92.06666667,No,No,Yes,Yes,66.13333333,No,65.63333333,65.63333333,Yes,12000,Yes,9.8,No,No,39,0.05633335,0,9.8
39,No,No,16,2500,Yes,Yes,5564,91.08333333,No,No,Yes,Yes,59.41666667,No,57.76666667,59.41666667,No,6000,Yes,17.5,No,No,18,0.0481667,1.65,17.5
25,No,No,15,13750,Yes,Yes,6602,110.0333333,No,No,Yes,No,44.63333333,No,44.63333333,44.63333333,No,13000,Yes,13.33333333,No,Yes,6,0.015333333,0,13.33333333
48,Yes,Yes,16,1000,Yes,Yes,5957,98.03333333,Yes,No,Yes,No,54.96666667,No,53.71666667,54.96666667,No,28000,Yes,15,No,No,25,0.038499983,1.25,15
28,No,No,17,18750,Yes,Yes,6014,99.15,Yes,No,Yes,Yes,58.21666667,No,57.13333333,58.21666667,Yes,21000,Yes,10.63333333,No,No,6,0.05133335,1.083333333,10.63333333
37,No,No,6,1000,No,Yes,4362,66.03333333,No,No,No,No,72.78333333,No,66.11666667,72.78333333,No,0,No,29.18333333,No,No,0,0.02566665,6.666666667,29.18333333
49,Yes,Yes,12,1000,Yes,Yes,5655,89.66666667,Yes,No,Yes,Yes,63.33333333,No,58.75,60.83333333,No,17000,Yes,15,No,No,24,0.05133335,2.083333333,15
48,Yes,Yes,12,3500,Yes,Yes,6037,97.11666667,Yes,No,Yes,No,55.88333333,No,52.38333333,55.88333333,No,20000,Yes,15,No,No,27,0.094999983,3.5,15
26,No,No,12,0,No,Yes,5992,99.36666667,No,No,Yes,Yes,62.16666667,Yes,61.66666667,61.91666667,No,7500,Yes,6.466666667,No,No,4,0.037,0.25,6.466666667
27,No,No,17,1000,Yes,Yes,6530,107.5833333,Yes,No,Yes,No,55.33333333,No,54.08333333,54.08333333,No,1500,Yes,5.083333333,No,Yes,6,0.103666683,0,5.083333333
40,Yes,Yes,12,1000,Yes,Yes,7262,112.95,No,No,Yes,Yes,41.58333333,No,33.5,41.58333333,Yes,10020,Yes,13.46666667,No,No,22,0.057666683,8.083333333,13.46666667
38,No,No,12,1000,Yes,Yes,6150,101.6666667,No,No,Yes,No,51.75,Yes,50.91666667,50.91666667,No,12000,Yes,14.58333333,No,No,16,0.038499983,0,14.58333333
40,No,No,12,2500,Yes,Yes,6009,97.31666667,No,No,Yes,No,60.46666667,No,57.63333333,60.46666667,No,14500,Yes,10.21666667,No,No,22,0.038499983,2.833333333,10.21666667
30,No,No,12,0,Yes,Yes,4662,76.73333333,No,No,Yes,No,71.55,No,70.58333333,70.58333333,No,9500,Yes,19.71666667,No,Yes,6,0.034666667,0,19.71666667
30,No,No,16,10500,Yes,Yes,5140,85.66666667,No,No,Yes,Yes,64.83333333,No,64.83333333,64.83333333,No,11000,Yes,17.5,No,Yes,9,0.038499983,0,17.5
34,No,No,10,0,Yes,Yes,5555,63,No,No,Yes,Yes,96.33333333,No,66.75,88,No,15000,Yes,8.666666667,No,No,19,0.0481667,21.25,8.666666667
33,No,No,17,6750,Yes,Yes,5954,98.9,Yes,No,Yes,No,63.21666667,No,62.88333333,62.88333333,No,27000,Yes,5.883333333,No,No,14,0.3848335,0,5.883333333
26,No,No,10,10500,Yes,Yes,3915,59,No,No,Yes,Yes,64,No,57.75,57.75,Yes,5000,Yes,45,No,Yes,11,0.192500167,0,45
27,No,No,14,1000,Yes,Yes,6620,109.3333333,Yes,No,Yes,Yes,58.66666667,No,57.66666667,58.66666667,No,8570,Yes,0,No,No,0,0.023166667,1,0
23,Yes,Yes,12,1000,Yes,Yes,6720,108.7333333,No,No,Yes,Yes,59.26666667,No,56,56.96666667,No,11000,Yes,0,No,No,6,0.0481667,0.966666667,0
62,No,No,1,1000,No,Yes,6217,100.1166667,No,No,Yes,Yes,67.88333333,No,64.38333333,67.88333333,No,0,No,0,No,No,43,0.032,3.5,0
39,Yes,Yes,17,42500,Yes,Yes,6975,112.9166667,No,No,Yes,Yes,55.08333333,No,51.75,55.08333333,No,35000,Yes,0,No,No,18,0.038499983,3.333333333,0
34,No,No,17,0,Yes,No,3922,60.2,No,Yes,Yes,Yes,67.08333333,Yes,61.91666667,67.08333333,No,0,No,40.71666667,No,No,14,0.072999992,5.166666667,40.71666667
44,No,No,15,0,Yes,No,5635,93.91666667,Yes,Yes,Yes,No,57.5,No,57.5,57.5,No,0,No,16.58333333,No,No,22,0.072999992,0,16.58333333
58,No,No,15,0,Yes,No,4370,72.83333333,No,Yes,Yes,Yes,62.25,Yes,62.25,62.25,No,0,No,32.91666667,No,No,29,0.072999992,0,32.91666667
29,No,No,16,13750,Yes,No,4672,77.11666667,Yes,No,Yes,No,69,No,68.25,69,No,16000,Yes,21.88333333,No,No,5,0.072999992,0.75,21.88333333
39,No,No,12,9500,Yes,No,3310,55.16666667,No,Yes,Yes,Yes,46.16666667,No,46.16666667,46.16666667,No,0,No,66.66666667,No,No,20,0.072999992,0,66.66666667
41,No,No,17,42500,Yes,No,3802,63.36666667,No,Yes,Yes,Yes,46,Yes,46,46,No,200,Yes,58.63333333,No,No,18,0.072999992,0,58.63333333
55,No,No,12,9500,Yes,No,5792,96.03333333,No,Yes,Yes,Yes,68.83333333,No,68.33333333,68.33333333,No,1000,Yes,3.133333333,No,No,26,0.072999992,0,3.133333333
28,No,No,12,10500,Yes,No,7280,121.3333333,No,No,Yes,No,46.66666667,Yes,46.66666667,46.66666667,No,12000,Yes,0,No,Yes,10,0.072999992,0,0
41,No,No,12,0,Yes,No,3777,62.61666667,No,Yes,Yes,Yes,48.08333333,No,47.75,47.75,No,0,No,57.3,No,No,21,0.072999992,0,57.3
46,No,No,8,9500,Yes,No,5500,80.05,No,Yes,Yes,Yes,68.78333333,No,57.16666667,68.78333333,No,3500,Yes,19.16666667,No,No,28,0.072999992,11.61666667,19.16666667
56,No,No,5,6750,Yes,No,2934,45.43333333,No,Yes,No,Yes,74.56666667,No,71.1,74.56666667,Yes,0,No,48,No,No,0,0.072999992,3.466666667,48
52,No,No,12,0,Yes,No,5069,84.48333333,Yes,No,No,Yes,48.51666667,No,48.51666667,48.51666667,No,0,No,35,No,No,0,0.072999992,0,35
33,No,No,12,13750,Yes,No,4594,73.73333333,Yes,Yes,Yes,No,48.6,No,45.76666667,48.6,No,0,No,45.66666667,Yes,No,7,0.072999992,2.833333333,45.66666667
47,No,No,9,8250,Yes,No,7417,117.3666667,Yes,No,Yes,Yes,50.63333333,No,44.38333333,50.63333333,No,0,No,0,Yes,No,28,0.072999992,6.25,0
35,No,No,12,0,Yes,No,4665,70.25,No,Yes,Yes,Yes,56.5,Yes,49,56.5,No,3500,Yes,41.25,No,No,12,0.072999992,7.5,41.25
27,No,No,16,42500,Yes,No,4260,70,No,Yes,Yes,Yes,45,No,44,45,No,2000,Yes,53,No,Yes,5,0.072999992,1,53
34,No,No,17,13750,Yes,No,5200,86.66666667,No,No,Yes,Yes,48.83333333,No,48.83333333,48.83333333,No,14000,Yes,32.5,Yes,No,13,0.072999992,0,32.5
26,No,No,14,3500,Yes,No,4900,81.66666667,Yes,No,No,Yes,49.25,No,49.25,49.25,No,0,No,37.08333333,Yes,No,0,0.072999992,0,37.08333333
60,No,No,12,18750,Yes,No,4007,64.53333333,No,Yes,Yes,No,62.16666667,Yes,59.91666667,59.91666667,No,0,No,41.3,No,No,38,0.072999992,0,41.3
27,No,No,12,11750,Yes,No,3527,58.78333333,No,Yes,Yes,Yes,48.41666667,No,48.41666667,48.41666667,No,0,No,60.8,No,Yes,7,0.072999992,0,60.8
42,No,No,12,5500,Yes,No,5982,96.11666667,Yes,No,Yes,Yes,45.8,No,42.21666667,43.96666667,No,20000,Yes,26.08333333,No,No,24,0.072999992,1.75,26.08333333
31,No,No,14,27500,Yes,No,3645,60.41666667,No,No,Yes,No,47.33333333,Yes,47,47,No,25000,Yes,60.25,No,No,0,0.072999992,0,60.25
29,No,No,11,5500,No,No,4620,71.16666667,Yes,Yes,No,Yes,51.75,No,45.91666667,51.75,No,0,No,45.08333333,No,No,0,0.072999992,5.833333333,45.08333333
31,No,No,12,8250,Yes,No,4798,79.21666667,No,Yes,Yes,Yes,47.51666667,No,46.76666667,47.51666667,No,13000,Yes,41.26666667,Yes,Yes,9,0.072999992,0.75,41.26666667
65,No,No,5,2500,No,No,5880,95.5,No,Yes,Yes,No,72.5,No,70,72.5,Yes,0,No,0,No,No,36,0.072999992,2.5,0
41,No,No,16,0,Yes,No,4307,69.03333333,Yes,Yes,Yes,No,43.55,Yes,40.8,43.55,No,0,No,55.41666667,No,No,16,0.072999992,2.75,55.41666667
36,No,No,16,4500,Yes,No,4572,75.56666667,Yes,Yes,Yes,No,68.88333333,No,68.25,68.25,No,5000,Yes,23.55,No,No,14,0.072999992,0,23.55
54,No,No,14,27500,Yes,No,4999,82.31666667,Yes,No,Yes,No,40.25,Yes,39.25,39.25,No,11300,Yes,45.43333333,No,No,30,0.072999992,0,45.43333333
24,No,No,13,8250,Yes,No,6030,99,No,No,Yes,No,69,No,67.5,69,No,6000,Yes,0,Yes,No,3,0.072999992,1.5,0
56,No,No,7,5500,No,No,4365,66,No,No,Yes,Yes,73.25,Yes,66.5,69.5,Yes,0,No,28.75,No,No,38,0.072999992,3,28.75
28,No,No,12,6750,Yes,No,6105,97.33333333,Yes,No,Yes,Yes,70.66666667,No,66.25,66.25,No,8000,Yes,0,No,No,7,0.072999992,0,0
41,No,No,10,13750,Yes,No,4867,80.61666667,No,Yes,Yes,No,46.13333333,No,45.63333333,46.13333333,No,0,No,41.25,Yes,No,18,0.072999992,0.5,41.25
24,No,No,16,0,Yes,No,6594,106.15,No,No,Yes,No,51.21666667,No,47.46666667,51.21666667,No,13000,Yes,10.63333333,No,No,1,0.072999992,3.75,10.63333333
32,No,No,12,42500,Yes,No,4757,76.78333333,No,Yes,Yes,Yes,49.46666667,Yes,46.96666667,49.46666667,No,0,No,41.75,No,No,12,0.072999992,2.5,41.75
38,No,No,16,0,Yes,No,5584,78.73333333,Yes,Yes,Yes,No,55.5,No,41.16666667,41.16666667,No,0,No,33.76666667,No,No,17,0.072999992,0,33.76666667
33,No,No,17,42500,Yes,No,5865,91.16666667,Yes,No,Yes,Yes,70.83333333,No,64.25,64.91666667,No,65000,Yes,6,No,No,5,0.072999992,0.666666667,6
43,No,No,5,0,Yes,No,3831,61.35,No,Yes,Yes,Yes,65.88333333,No,63.38333333,65.88333333,No,0,No,40.76666667,Yes,No,22,0.072999992,2.5,40.76666667
41,No,No,17,1000,Yes,No,5415,81.25,Yes,No,Yes,No,58,No,49,49,No,75000,Yes,28.75,No,No,19,0.072999992,0,28.75
34,No,No,15,8250,Yes,No,3481,55.43333333,Yes,Yes,No,No,65.76666667,Yes,63.18333333,64.51666667,No,0,No,46.8,No,No,0,0.072999992,1.333333333,46.8
31,No,No,12,0,Yes,No,5495,91.08333333,Yes,Yes,Yes,No,63.58333333,No,63.08333333,63.08333333,No,0,No,13.33333333,No,No,8,0.072999992,0,13.33333333
55,No,No,13,0,Yes,No,5187,86.45,Yes,Yes,Yes,No,62.58333333,Yes,62.58333333,62.58333333,No,0,No,18.96666667,No,No,32,0.072999992,0,18.96666667
62,No,No,8,0,Yes,No,5435,90.58333333,No,No,Yes,Yes,62.41666667,Yes,62.41666667,62.41666667,No,0,No,15,No,No,36,0.072999992,0,15
54,No,No,17,32500,Yes,No,3219,53.65,No,Yes,Yes,Yes,62.38333333,Yes,62.38333333,62.38333333,Yes,0,No,51.96666667,Yes,No,22,0.072999992,0,51.96666667
33,No,No,14,0,Yes,No,5479,88.31666667,Yes,Yes,Yes,No,38.21666667,No,35.21666667,38.21666667,No,0,No,41.46666667,No,No,4,0.072999992,3,41.46666667
60,No,No,12,13750,Yes,No,5250,72.66666667,No,Yes,Yes,Yes,87.33333333,No,72.5,87.33333333,No,0,No,8,Yes,No,38,0.072999992,14.83333333,8
28,No,No,12,2500,No,No,4886,80.51666667,No,No,No,Yes,65.25,No,64.33333333,64.33333333,No,0,No,22.23333333,No,No,0,0.072999992,0,22.23333333
32,No,No,12,10500,Yes,No,5751,94.88333333,Yes,Yes,Yes,No,35.18333333,No,34.21666667,34.21666667,No,8000,Yes,37.93333333,No,Yes,0,0.072999992,0,37.93333333
32,No,No,12,0,Yes,No,5435,88.03333333,No,No,No,Yes,64.3,No,61.75,61.75,No,0,No,15.66666667,No,No,0,0.072999992,0,15.66666667
30,No,No,12,5500,Yes,No,3429,42.51666667,Yes,No,No,No,76.35,Yes,61.71666667,63.21666667,No,0,No,49.13333333,No,No,0,0.072999992,1.5,49.13333333
33,No,No,12,6750,Yes,No,4939,80.81666667,No,No,No,No,41.18333333,No,39.68333333,41.18333333,No,0,No,46,Yes,No,0,0.072999992,1.5,46
38,No,No,14,21250,Yes,No,4235,69.58333333,Yes,Yes,No,Yes,62.16666667,No,61.16666667,62.16666667,No,0,No,36.25,No,No,0,0.072999992,1,36.25
47,No,No,16,27500,Yes,No,5965,99.41666667,Yes,No,Yes,Yes,60.91666667,No,60.91666667,60.91666667,No,28000,Yes,7.666666667,No,No,29,0.072999992,0,7.666666667
40,No,No,16,0,Yes,No,4657,76.7,No,No,Yes,No,61.75,Yes,60.83333333,60.83333333,No,0,No,29.55,No,No,18,0.072999992,0,29.55
28,No,No,11,1000,Yes,No,3352,54.61666667,No,Yes,Yes,Yes,61.96666667,Yes,60.71666667,60.71666667,No,0,No,51.41666667,No,No,10,0.072999992,0,51.41666667
27,No,No,11,1000,Yes,No,5067,83.81666667,No,No,Yes,Yes,61.26666667,Yes,60.63333333,60.63333333,No,0,No,22.91666667,No,No,10,0.072999992,0,22.91666667
28,No,No,16,11750,Yes,No,4059,66.93333333,Yes,Yes,Yes,Yes,62.93333333,No,62.21666667,62.21666667,No,9000,Yes,38.13333333,No,Yes,4,0.072999992,0,38.13333333
44,No,No,9,21250,Yes,No,3739,62.31666667,Yes,Yes,Yes,Yes,62.08333333,No,62.08333333,62.08333333,No,0,No,43.6,Yes,No,23,0.072999992,0,43.6
25,No,No,16,9500,Yes,No,5575,90.28333333,Yes,No,Yes,No,63.13333333,No,60.5,63,No,8400,Yes,14.58333333,Yes,No,3,0.072999992,2.5,14.58333333
58,No,No,7,4500,No,No,6452,107.5333333,No,Yes,No,No,60.46666667,No,60.46666667,60.46666667,Yes,0,No,0,Yes,No,0,0.072999992,0,0
28,No,No,16,0,Yes,No,5439,85.56666667,Yes,No,Yes,No,65.55,No,60.46666667,61.8,No,0,No,16.88333333,No,No,4,0.072999992,1.333333333,16.88333333
52,No,No,5,0,Yes,No,4355,68.66666667,No,No,Yes,Yes,67.25,No,63.33333333,67.25,No,0,No,32.08333333,Yes,No,22,0.072999992,3.916666667,32.08333333
27,No,No,16,6750,Yes,No,4022,66.2,No,No,No,Yes,61.08333333,No,60.25,60.25,Yes,0,No,40.71666667,No,No,0,0.072999992,0,40.71666667
42,No,No,12,5500,Yes,No,4317,70.45,Yes,Yes,Yes,Yes,61.5,No,60,61.5,No,5000,Yes,36.05,No,No,24,0.072999992,1.5,36.05
56,No,No,14,11750,Yes,No,4106,68.43333333,Yes,Yes,Yes,Yes,59.96666667,No,59.96666667,59.96666667,No,0,No,39.6,Yes,No,0,0.072999992,0,39.6
50,No,No,16,0,Yes,No,5431,89.76666667,Yes,Yes,Yes,No,29.75,No,29,29.75,No,0,No,48.48333333,No,No,23,0.072999992,0.75,48.48333333
64,No,No,12,42500,No,No,3989,64.1,No,Yes,Yes,Yes,62.1,Yes,59.71666667,61.76666667,Yes,0,No,41.8,No,No,41,0.072999992,2.05,41.8
44,No,No,12,0,Yes,No,3334,54.93333333,No,Yes,Yes,Yes,60.3,Yes,59.66666667,59.66666667,Yes,0,No,52.76666667,No,No,17,0.072999992,0,52.76666667
33,No,No,14,0,Yes,No,5174,86.23333333,Yes,No,Yes,No,45,No,45,45,No,0,No,36.76666667,No,No,4,0.072999992,0,36.76666667
44,No,No,8,9500,Yes,No,4365,67.33333333,No,No,Yes,Yes,64.83333333,No,59.41666667,63.58333333,No,4500,Yes,35.83333333,No,No,28,0.072999992,4.166666667,35.83333333
24,No,No,16,3500,Yes,No,4075,67.91666667,No,Yes,No,Yes,59.16666667,No,59.16666667,59.16666667,Yes,0,No,40.91666667,No,No,0,0.072999992,0,40.91666667
32,No,No,12,0,Yes,No,6419,103.2333333,No,No,Yes,Yes,62.88333333,Yes,59.13333333,62.88333333,No,0,No,1.883333333,No,No,0,0.072999992,3.75,1.883333333
35,No,No,8,42500,Yes,No,5449,90.81666667,Yes,No,Yes,Yes,59.05,Yes,59.05,59.05,No,50000,Yes,18.13333333,No,No,7,0.072999992,0,18.13333333
54,No,No,14,6750,Yes,No,4154,62.6,Yes,Yes,Yes,Yes,65.6,No,58.96666667,65.35,No,0,No,39.8,No,No,30,0.072999992,6.383333333,39.8
37,No,No,12,42500,Yes,No,1745,29.08333333,No,Yes,Yes,Yes,58.83333333,Yes,58.83333333,58.83333333,No,8000,Yes,80.08333333,No,No,0,0.072999992,0,80.08333333
28,No,No,16,0,Yes,No,4622,76.4,Yes,Yes,Yes,No,59.38333333,No,58.75,58.75,No,0,No,32.21666667,No,No,4,0.072999992,0,32.21666667
51,No,No,5,0,Yes,No,4605,74.91666667,No,No,Yes,Yes,60.58333333,No,58.75,59.33333333,Yes,0,No,32.5,No,No,35,0.072999992,0.583333333,32.5
54,No,No,17,16250,Yes,No,4586,75.93333333,Yes,Yes,Yes,Yes,59.21666667,No,58.71666667,58.71666667,No,0,No,32.85,Yes,No,0,0.072999992,0,32.85
32,No,No,12,11750,Yes,No,5630,82.58333333,No,Yes,Yes,No,77.08333333,No,65.83333333,65.83333333,No,0,No,8.333333333,Yes,No,9,0.072999992,0,8.333333333
38,No,No,10,0,Yes,No,3210,53.5,No,Yes,Yes,Yes,73.66666667,No,73.66666667,73.66666667,No,0,No,40.83333333,No,No,19,0.072999992,0,40.83333333
46,No,No,16,42500,Yes,No,4159,67.31666667,Yes,Yes,No,Yes,66.51666667,Yes,64.51666667,66.51666667,No,0,No,34.16666667,No,No,0,0.072999992,2,34.16666667
26,No,No,12,4500,No,No,5627,93.15,No,No,Yes,Yes,59.01666667,No,58.38333333,59.01666667,No,7000,Yes,15.83333333,Yes,No,0,0.072999992,0.633333333,15.83333333
59,No,No,12,6750,Yes,No,5567,85.68333333,No,Yes,Yes,Yes,65.4,No,58.3,62.06666667,No,6600,Yes,16.91666667,No,No,37,0.072999992,3.766666667,16.91666667
50,No,No,8,0,Yes,No,4877,69.73333333,No,Yes,Yes,Yes,69.68333333,No,58.13333333,69.68333333,No,0,No,28.58333333,No,No,31,0.072999992,11.55,28.58333333
28,No,No,12,13750,Yes,No,5487,78.7,Yes,No,No,Yes,70.75,Yes,58,66.75,Yes,0,No,18.55,No,No,0,0.072999992,8.75,18.55
57,No,No,12,0,Yes,No,5402,86.7,No,Yes,Yes,No,61.3,No,57.96666667,57.96666667,No,0,No,20,No,No,36,0.072999992,0,20
26,No,No,16,9500,Yes,No,3741,62.35,Yes,Yes,Yes,No,57.8,No,57.8,57.8,No,10700,Yes,47.85,Yes,No,3,0.072999992,0,47.85
56,No,No,9,0,No,No,4370,72.83333333,No,No,Yes,Yes,57.66666667,No,57.66666667,57.66666667,Yes,0,No,37.5,No,No,30,0.072999992,0,37.5
31,No,No,16,11750,Yes,No,3797,62.31666667,No,No,Yes,No,58.55,No,57.58333333,58.55,No,0,No,47.13333333,No,No,3,0.072999992,0.966666667,47.13333333
36,No,No,12,9500,Yes,No,5218,86.46666667,No,No,Yes,Yes,26.26666667,No,25.76666667,26.26666667,No,0,No,55.26666667,No,No,20,0.072999992,0.5,55.26666667
53,No,No,12,3500,No,No,6645,110.75,Yes,No,No,No,57.25,No,57.25,57.25,No,0,No,0,No,No,0,0.072999992,0,0
63,No,No,8,0,No,No,5902,98.11666667,No,Yes,Yes,Yes,57.46666667,Yes,57.21666667,57.46666667,No,0,No,12.41666667,No,No,43,0.072999992,0.25,12.41666667
23,No,No,12,5500,Yes,No,6662,100.6166667,No,No,No,Yes,23,No,12.58333333,22.25,No,0,No,44.38333333,No,No,0,0.072999992,9.666666667,44.38333333
35,No,No,16,9500,Yes,No,3319,55.31666667,No,Yes,Yes,Yes,57.05,No,57.05,57.05,No,0,No,55.63333333,No,No,14,0.072999992,0,55.63333333
61,No,No,8,42500,Yes,No,5069,81.93333333,Yes,Yes,Yes,Yes,59.6,Yes,57.05,58.05,No,35000,Yes,26.46666667,No,No,7,0.072999992,1,26.46666667
32,No,No,17,13750,Yes,No,5830,88.5,No,No,No,Yes,65.66666667,No,57,64.91666667,No,0,No,13.83333333,No,No,0,0.072999992,7.916666667,13.83333333
43,No,No,16,42500,Yes,No,6014,96.98333333,Yes,Yes,Yes,Yes,49.8,Yes,46.55,48.05,No,12000,Yes,21.21666667,Yes,No,0,0.072999992,1.5,21.21666667
43,No,No,13,10500,Yes,No,4530,63.13333333,No,No,Yes,Yes,69.11666667,No,56.75,69.11666667,No,0,No,35.75,Yes,No,0,0.072999992,12.36666667,35.75
55,No,No,5,0,Yes,No,4800,80,No,Yes,Yes,Yes,56.75,No,56.75,56.75,Yes,0,No,31.25,No,No,35,0.072999992,0,31.25
32,No,No,17,16250,Yes,No,4697,78.28333333,Yes,Yes,Yes,No,56.58333333,Yes,56.58333333,56.58333333,No,22000,Yes,33.13333333,No,No,9,0.072999992,0,33.13333333
50,No,No,12,5500,Yes,No,3794,61.8,Yes,Yes,Yes,Yes,57.95,No,56.51666667,57.95,No,1300,Yes,48.25,No,No,18,0.072999992,1.433333333,48.25
52,No,No,12,9500,Yes,No,6107,98.03333333,No,No,Yes,Yes,60.25,No,56.5,56.5,No,9400,Yes,9.716666667,No,No,26,0.072999992,0,9.716666667
54,No,No,12,16250,Yes,No,5982,95.95,Yes,Yes,Yes,No,69.33333333,No,65.58333333,69.33333333,No,0,No,2.716666667,No,No,29,0.072999992,3.75,2.716666667
40,No,No,12,8250,Yes,No,3800,58.28333333,No,Yes,Yes,Yes,61.3,No,56.25,61,No,0,No,48.41666667,Yes,No,18,0.072999992,4.75,48.41666667
49,No,No,11,6750,No,No,3585,57.5,No,No,No,Yes,58.25,No,56,58.25,No,0,No,52.25,No,No,0,0.072999992,2.25,52.25
50,No,No,10,0,Yes,No,3645,60.75,No,Yes,Yes,Yes,56,Yes,56,56,No,0,No,51.25,No,No,26,0.072999992,0,51.25
24,No,No,10,10500,No,No,6725,104.75,Yes,Yes,Yes,No,63.25,No,55.91666667,60.91666667,No,9000,Yes,0,Yes,Yes,9,0.072999992,5,0
25,No,No,13,5500,Yes,No,4737,78.95,Yes,Yes,No,No,44.25,No,44.25,44.25,No,2000,Yes,44.8,Yes,No,0,0.072999992,0,44.8
44,No,No,12,0,Yes,No,4479,74.65,Yes,Yes,Yes,No,55.63333333,No,55.63333333,55.63333333,No,0,No,37.71666667,No,No,16,0.072999992,0,37.71666667
42,No,No,12,3500,Yes,No,4154,69.23333333,No,Yes,Yes,Yes,55.63333333,No,55.63333333,55.63333333,No,4000,Yes,43.13333333,No,No,17,0.072999992,0,43.13333333
37,No,No,12,1000,Yes,No,3602,59.25,No,Yes,Yes,No,56.28333333,Yes,55.5,55.5,No,0,No,52.46666667,No,No,18,0.072999992,0,52.46666667
46,No,No,17,13750,Yes,No,4286,71.43333333,No,Yes,Yes,Yes,55.43333333,No,55.43333333,55.43333333,No,14000,Yes,41.13333333,Yes,No,22,0.072999992,0,41.13333333
29,No,No,10,4500,Yes,No,5240,79.25,No,Yes,Yes,Yes,63.33333333,Yes,55.25,60.83333333,No,5980,Yes,25.41666667,No,No,0,0.072999992,5.583333333,25.41666667
35,No,No,12,23750,Yes,No,3817,63.61666667,Yes,Yes,Yes,No,55.25,Yes,55.25,55.25,No,0,No,49.13333333,No,No,12,0.072999992,0,49.13333333
25,No,No,12,0,Yes,No,6770,110.3666667,No,No,Yes,Yes,57.63333333,Yes,55.16666667,55.8,No,12000,Yes,0,No,No,10,0.072999992,0.633333333,0
49,No,No,12,0,Yes,No,3944,62.48333333,No,Yes,Yes,Yes,58.41666667,No,55.16666667,58.41666667,No,0,No,47.1,No,No,9,0.072999992,3.25,47.1
45,No,No,12,11750,Yes,No,4446,71.85,No,Yes,Yes,Yes,57.38333333,No,55.13333333,57.38333333,No,0,No,38.76666667,Yes,No,10,0.072999992,2.25,38.76666667
25,No,No,17,8250,Yes,No,3952,65.86666667,No,Yes,Yes,Yes,55.13333333,No,55.13333333,55.13333333,No,8250,Yes,47,Yes,No,0,0.072999992,0,47
57,No,No,12,0,Yes,No,4272,63.61666667,No,Yes,Yes,No,62.5,No,54.91666667,56.03333333,No,0,No,41.88333333,No,No,32,0.072999992,1.116666667,41.88333333
35,No,No,12,0,Yes,No,3614,56.48333333,No,Yes,Yes,No,58.66666667,No,54.91666667,54.91666667,Yes,0,No,52.85,No,No,15,0.072999992,0,52.85
31,No,No,17,5500,Yes,No,5470,90.66666667,No,No,Yes,No,55.25,No,54.75,54.75,No,17000,Yes,22.08333333,No,No,10,0.072999992,0,22.08333333
55,No,No,15,32500,Yes,No,4302,71.7,Yes,Yes,Yes,Yes,54.75,No,54.75,54.75,No,0,No,41.55,No,No,0,0.072999992,0,41.55
24,No,No,16,0,Yes,No,3368,56.13333333,No,No,No,No,54.51666667,No,54.51666667,54.51666667,No,0,No,57.35,No,No,0,0.072999992,0,57.35
58,No,No,8,0,Yes,No,5574,90.4,No,Yes,Yes,Yes,56.96666667,No,54.46666667,54.46666667,No,0,No,20.63333333,No,No,36,0.072999992,0,20.63333333
52,No,No,17,0,Yes,No,4231,69.6,Yes,Yes,Yes,No,55.26666667,No,54.35,54.35,No,0,No,43.13333333,No,No,30,0.072999992,0,43.13333333
33,No,No,17,5500,Yes,No,3230,53.2,No,Yes,Yes,No,54.96666667,Yes,54.33333333,54.33333333,No,8400,Yes,59.83333333,No,No,10,0.072999992,0,59.83333333
39,No,No,11,0,Yes,No,5277,87.95,No,No,Yes,Yes,54.25,Yes,54.25,54.25,No,12000,Yes,25.8,No,No,22,0.072999992,0,25.8
25,No,No,9,8250,Yes,No,3642,58.7,Yes,Yes,No,Yes,56.13333333,No,54.13333333,56.13333333,No,0,No,53.16666667,No,No,0,0.072999992,2,53.16666667
25,No,No,16,3500,Yes,No,4494,67.26666667,Yes,No,No,No,61.56666667,No,53.93333333,60.81666667,No,0,No,39.16666667,No,No,0,0.072999992,6.883333333,39.16666667
30,No,No,16,11750,Yes,No,6845,104.3333333,Yes,No,Yes,Yes,63.66666667,No,53.91666667,61.41666667,No,0,No,0,No,Yes,4,0.072999992,7.5,0
25,No,No,17,4500,Yes,No,4700,77.66666667,No,Yes,Yes,No,54.5,No,53.83333333,54.5,Yes,5200,Yes,35.83333333,No,No,2,0.072999992,0.666666667,35.83333333
42,No,No,16,0,Yes,No,4320,50.11666667,No,Yes,Yes,No,75.63333333,Yes,53.75,75.63333333,No,0,No,42.25,No,No,18,0.072999992,21.88333333,42.25
35,No,No,12,1000,Yes,No,6217,103.3666667,Yes,Yes,Yes,No,54,Yes,53.75,53.75,No,7600,Yes,10.63333333,No,No,16,0.072999992,0,10.63333333
59,No,No,12,4500,No,No,4595,66.38333333,Yes,No,Yes,Yes,63.95,No,53.75,62.95,No,0,No,37.66666667,No,No,0,0.072999992,9.2,37.66666667
42,No,No,12,42500,Yes,No,3587,59.78333333,No,Yes,Yes,Yes,53.63333333,Yes,53.63333333,53.63333333,No,0,No,54.58333333,No,Yes,18,0.072999992,0,54.58333333
59,No,No,12,6750,Yes,No,5849,97.06666667,No,No,Yes,Yes,54.05,No,53.63333333,53.63333333,No,12600,Yes,16.88333333,No,No,37,0.072999992,0,16.88333333
32,No,No,16,21250,Yes,No,4437,72.61666667,No,Yes,Yes,Yes,54.83333333,No,53.5,53.5,No,0,No,40.55,No,No,10,0.072999992,0,40.55
49,No,No,17,0,Yes,No,4427,66.53333333,Yes,Yes,No,Yes,60.63333333,No,53.38333333,53.38333333,No,0,No,40.83333333,No,No,0,0.072999992,0,40.83333333
54,No,No,14,8250,Yes,No,4581,72.01666667,Yes,Yes,Yes,Yes,57.68333333,No,53.35,55.35,No,9000,Yes,38.3,No,No,32,0.072999992,2,38.3
58,No,No,9,1000,Yes,No,4517,75.28333333,No,Yes,Yes,Yes,53.33333333,No,53.33333333,53.33333333,No,0,No,39.38333333,No,No,39,0.072999992,0,39.38333333
38,No,No,14,0,Yes,No,5307,87.78333333,Yes,Yes,Yes,Yes,53.91666667,No,53.25,53.25,No,0,No,26.3,Yes,No,0,0.072999992,0,26.3
50,No,No,8,0,Yes,No,4390,72.16666667,No,No,Yes,Yes,54.16666667,No,53.16666667,54.16666667,No,0,No,41.66666667,No,No,31,0.072999992,1,41.66666667
46,No,No,17,13750,Yes,No,4366,71.93333333,No,No,Yes,Yes,53.96666667,No,53.13333333,53.96666667,No,14500,Yes,42.1,Yes,No,22,0.072999992,0.833333333,42.1
38,No,No,12,0,Yes,No,4354,71.81666667,Yes,Yes,Yes,No,53.88333333,Yes,53.13333333,53.13333333,No,0,No,42.3,No,No,17,0.072999992,0,42.3
39,No,No,12,0,Yes,No,4506,74.1,Yes,Yes,Yes,No,54.01666667,No,53.01666667,53.01666667,No,0,No,39.88333333,No,Yes,12,0.072999992,0,39.88333333
31,No,No,17,16250,Yes,No,4741,74.85,Yes,No,Yes,No,57.1,No,52.93333333,52.93333333,No,20000,Yes,36.05,No,No,9,0.072999992,0,36.05
42,No,No,13,0,Yes,No,3424,56.81666667,No,Yes,Yes,Yes,53.16666667,No,52.91666667,52.91666667,No,0,No,58.01666667,Yes,No,19,0.072999992,0,58.01666667
30,No,No,16,13750,Yes,No,4752,69.95,Yes,Yes,Yes,No,62,No,52.75,55,No,9000,Yes,36.05,No,No,5,0.072999992,2.25,36.05
27,No,No,16,10500,No,No,3269,54.48333333,No,Yes,No,Yes,56.5,Yes,56.5,56.5,No,0,No,57.01666667,No,No,0,0.072999992,0,57.01666667
54,No,No,14,0,Yes,No,4150,69.16666667,Yes,Yes,Yes,Yes,60.5,No,60.5,60.5,No,0,No,38.33333333,No,No,33,0.072999992,0,38.33333333
64,No,No,17,42500,Yes,No,5742,93.7,Yes,Yes,Yes,No,54.5,No,52.5,54.5,No,0,No,19.8,No,No,36,0.072999992,2,19.8
43,No,No,9,42500,Yes,No,4274,70.4,Yes,Yes,Yes,No,53.16666667,Yes,52.33333333,52.33333333,No,10000,Yes,44.43333333,Yes,No,0,0.072999992,0,44.43333333
29,No,No,12,8250,Yes,No,5407,87.73333333,No,Yes,Yes,No,54.63333333,No,52.25,54.63333333,No,7500,Yes,25.63333333,No,No,5,0.072999992,2.383333333,25.63333333
34,No,No,12,16250,Yes,No,4577,75.65,No,Yes,Yes,Yes,60.88333333,No,60.25,60.25,No,0,No,31.46666667,No,Yes,2,0.072999992,0,31.46666667
23,No,No,16,42500,Yes,No,6970,114.9166667,No,No,Yes,Yes,53.08333333,No,51.83333333,53.08333333,No,0,No,0,No,Yes,5,0.072999992,1.25,0
31,No,No,15,1000,Yes,No,4692,76.56666667,Yes,Yes,No,No,53.21666667,No,51.58333333,51.58333333,No,0,No,38.21666667,No,No,0,0.072999992,0,38.21666667
44,No,No,13,1000,Yes,No,6452,97.3,Yes,No,Yes,Yes,61.73333333,No,51.5,58.31666667,No,30000,Yes,8.966666667,No,No,0,0.072999992,6.816666667,8.966666667
57,No,No,17,16250,Yes,No,4656,73.85,Yes,Yes,Yes,Yes,54.96666667,No,51.21666667,54.96666667,No,17500,Yes,39.18333333,Yes,No,27,0.072999992,3.75,39.18333333
31,No,No,12,10500,Yes,No,4639,74.81666667,Yes,No,No,No,53.63333333,No,51.13333333,51.13333333,Yes,0,No,39.55,No,No,0,0.072999992,0,39.55
23,No,No,14,8250,Yes,No,4867,76.15,No,No,Yes,No,56.05,No,51.08333333,52.33333333,No,8500,Yes,35.8,No,Yes,4,0.072999992,1.25,35.8
29,No,No,14,23750,Yes,No,4494,67.73333333,No,Yes,Yes,Yes,66.71666667,No,59.55,59.55,No,0,No,33.55,No,No,2,0.072999992,0,33.55
50,No,No,12,2500,Yes,No,4417,69.11666667,No,Yes,Yes,No,55.5,No,51,55.5,No,2500,Yes,43.38333333,No,No,22,0.072999992,4.5,43.38333333
25,No,No,12,3500,Yes,No,5530,80.75,Yes,No,No,Yes,62.08333333,No,50.66666667,62.08333333,No,0,No,25.16666667,Yes,Yes,0,0.072999992,11.41666667,25.16666667
44,No,No,16,16250,Yes,No,4539,73.21666667,No,Yes,Yes,Yes,52.9,No,50.46666667,51.93333333,No,0,No,41.88333333,No,No,19,0.072999992,1.466666667,41.88333333
29,No,No,16,16250,Yes,No,4639,75.31666667,No,Yes,Yes,Yes,52.38333333,No,50.38333333,52.38333333,No,0,No,40.3,No,Yes,5,0.072999992,2,40.3
36,No,No,16,9500,Yes,No,4776,79.6,No,No,Yes,Yes,50.38333333,No,50.38333333,50.38333333,No,0,No,38.01666667,No,No,14,0.072999992,0,38.01666667
47,No,No,10,9500,Yes,No,5882,95.78333333,Yes,No,Yes,No,52.5,No,50.25,52.5,No,0,No,19.71666667,Yes,No,28,0.072999992,2.25,19.71666667
52,No,No,10,0,No,No,4797,76.2,No,No,Yes,Yes,53.88333333,No,50.13333333,52.88333333,Yes,0,No,37.91666667,No,No,29,0.072999992,2.75,37.91666667
61,No,No,17,27500,Yes,No,4362,70.61666667,No,Yes,Yes,No,51.96666667,Yes,49.88333333,49.88333333,No,0,No,45.41666667,No,No,30,0.072999992,0,45.41666667
32,No,No,16,10500,Yes,No,4707,75.2,Yes,No,No,No,53,No,49.75,51.75,Yes,0,No,39.8,No,No,0,0.072999992,2,39.8
45,No,No,12,5500,Yes,No,5069,77.4,Yes,No,Yes,Yes,56.83333333,No,49.75,56.41666667,No,16000,Yes,33.76666667,No,No,18,0.072999992,6.666666667,33.76666667
34,No,No,10,2500,No,No,5885,97.83333333,No,Yes,Yes,No,58.91666667,No,58.66666667,58.91666667,No,0,No,11.25,Yes,No,4,0.072999992,0.25,11.25
37,No,No,12,3500,Yes,No,4719,76.4,No,No,Yes,Yes,60.75,No,58.5,58.5,No,12000,Yes,30.85,No,No,17,0.072999992,0,30.85
54,No,No,17,32500,Yes,No,5149,83.85,No,No,Yes,Yes,51.46666667,Yes,49.5,50,Yes,35000,Yes,32.68333333,Yes,No,22,0.072999992,0.5,32.68333333
30,No,No,16,6750,Yes,No,4747,71.7,No,No,Yes,No,56.91666667,No,49.5,56.91666667,Yes,0,No,39.38333333,No,Yes,9,0.072999992,7.416666667,39.38333333
